id,Name,Date (UTC),Tax Code
40375dc9-7834-49eb-9103-745a5ef656cd,College Prep Masterclass,3/29/2020 3:57,txcd_20030000
4b8c704c-863d-4e25-9bcf-ce9a1b75a391,Admission Success Blueprint,12/27/2023 16:46,txcd_20030000
fec5f1d1-2101-406f-b730-bc7f739ac62a,SAT & ACT Mastery Program,1/26/2024 2:09,txcd_20030000
f8c6a47c-29ca-4be7-ae51-63c374920e4e,Personalized College Roadmap,12/6/2023 16:16,txcd_20030000
8c46a7cc-09e5-40d8-9584-33c0184298c6,College Essay Coaching,10/9/2023 8:57,txcd_20030000
48dc9a13-5f13-4cb9-88e2-f6004bdaee4c,Scholarly Scholarships Guide,10/9/2023 8:47,txcd_20030000
c985f100-5645-48e3-8e3d-ceffbcc37a3d,College Application Bootcamp,12/27/2023 16:46,txcd_20030000
201283c3-5723-4e02-9d18-d9ff952d0d07,Elite College Prep Package,10/9/2022 8:25,txcd_20030000
17f137bd-4c6a-4590-9c92-529872986e49,High School to Ivy League Program,3/29/2020 3:57,txcd_20030000
4033cc0f-bce4-4338-b8d6-9a983207c2a1,GPA Boosting Academy,10/9/2021 5:30,txcd_20030000
b7f7421a-3caf-4185-84f9-e254a4365528,College Admission Strategy Workshop,12/27/2023 16:46,txcd_20030000
