Manufacturer,Product Name
Bush,Bush Somerset Collection Bookcase
Hon,"Hon Deluxe Fabric Upholstered Stacking Chairs, Rounded Back"
Universal,Self-Adhesive Address Labels for Typewriters by Universal
Bretford,Bretford CR4500 Series Slim Rectangular Table
Eldon,Eldon Fold 'N Roll Cart System
Eldon,"Eldon Expressions Wood and Plastic Desk Accessories, Cherry Wood"
Newell,Newell 322
Mitel,Mitel 5320 IP Phone VoIP phone
DXL,DXL Angle-View Binders with Locking Rings by Samsill
Belkin,Belkin F5C206VTEL 6 Outlet Surge
Chromcraft,Chromcraft Rectangular Conference Tables
Other,Konftel 250 Conference phone - Charcoal black
Xerox,Xerox 1967
Fellowes,Fellowes PB200 Plastic Comb Binding Machine
Holmes,"Holmes Replacement Filter for HEPA Air Cleaner, Very Large Room, HEPA Filter"
Storex,Storex DuraTech Recycled Plastic Frosted Binders
Other,"Stur-D-Stor Shelving, Vertical 5-Shelf: 72""H x 36""W x 18 1/2""D"
Fellowes,Fellowes Super Stor/Drawer
Newell,Newell 341
Cisco,Cisco SPA 501G IP Phone
Wilson Jones,"Wilson Jones Hanging View Binder, White, 1"""
Newell,Newell 318
Acco,"Acco Six-Outlet Power Strip, 4' Cord Length"
Global,"Global Deluxe Stacking Chair, Gray"
Wilson Jones,Wilson Jones Active Use Binders
Other,Imation 8GB Mini TravelDrive USB 2.0 Flash Drive
Riverside,"Riverside Palais Royal Lawyers Bookcase, Royale Cherry Finish"
Avery,Avery Recycled Flexi-View Covers for Binding Systems
Howard Miller,"Howard Miller 13-3/4"" Diameter Brushed Chrome Round Wall Clock"
Poly,Poly String Tie Envelopes
Boston,"BOSTON Model 1800 Electric Pencil Sharpeners, Putty/Woodgrain"
Acco,"Acco Pressboard Covers with Storage Hooks, 14 7/8"" x 11"", Executive Red"
Other,Lumber Crayons
Easy-staple paper,Easy-staple paper
GE,GE 30524EE4
Electrix,"Electrix Architect's Clamp-On Swing Arm Lamp, Black"
Other,"#10-4 1/8"" x 9 1/2"" Premium Diagonal Seam Envelopes"
Atlantic,"Atlantic Metals Mobile 3-Shelf Bookcases, Custom Colors"
Global,"Global Fabric Manager's Chair, Dark Gray"
Plantronics,Plantronics HL10 Handset Lifter
Panasonic,Panasonic Kx-TS550
Eldon,"Eldon Base for stackable storage shelf, platinum"
Advantus,"Advantus 10-Drawer Portable Organizer, Chrome Metal Frame, Smoke Drawers"
Verbatim,"Verbatim 25 GB 6x Blu-ray Single Layer Recordable Disc, 25/Pack"
Wilson Jones,Wilson Jones Leather-Like Binders with DublLock Round Rings
Gould Plastics,"Gould Plastics 9-Pocket Panel Bin, 18-3/8w x 5-1/4d x 20-1/2h, Black"
Imation,Imation 8gb Micro Traveldrive Usb 2.0 Flash Drive
Other,"LF Elite 3D Dazzle Designer Hard Case Cover, Lf Stylus Pen and Wiper For Apple Iphone 5c Mini Lite"
C-Line,"C-Line Peel & Stick Add-On Filing Pockets, 8-3/4 x 5-1/8, 10/Pack"
Avery,Avery 485
Other,Longer-Life Soft White Bulbs
Global,"Global Leather Task Chair, Black"
Advantus,Advantus Push Pins
AT&T,AT&T CL83451 4-Handset Telephone
Other,Home/Office Personal File Carts
Xerox,Xerox 232
Novimex,Novimex Turbo Task Chair
Array,"Array Parchment Paper, Assorted Colors"
Other,Plastic Binding Combs
Prang,Prang Dustless Chalk Sticks
Verbatim,"Verbatim 25 GB 6x Blu-ray Single Layer Recordable Disc, 3/Pack"
Acco,"Acco PRESSTEX Data Binder with Storage Hooks, Dark Blue, 14 7/8"" X 11"""
Xerox,Xerox 1943
Luxo,Luxo Economy Swing Arm Lamp
Global,"Global Value Mid-Back Manager's Chair, Gray"
Hunt,"Hunt BOSTON Model 1606 High-Volume Electric Pencil Sharpener, Beige"
Other,netTALK DUO VoIP Telephone Service
Other,"Snap-A-Way Black Print Carbonless Ruled Speed Letter, Triplicate"
Avery,Avery Binding System Hidden Tab Executive Style Index Sets
Other,"Telephone Message Books with Fax/Mobile Section, 5 1/2"" x 3 3/16"""
Other,High-Back Leather Manager's Chair
Tenex,"Tenex Traditional Chairmats for Medium Pile Carpet, Standard Lip, 36"" x 48"""
SAFCO,Safco Industrial Wire Shelving System
Other,Economy Binders
Other,"6"" Cubicle Wall Clock, Black"
Other,"SimpliFile Personal File, Black Granite, 15w x 6-15/16d x 11-1/4h"
Eldon,"Eldon Expressions Desk Accessory, Wood Pencil Holder, Oak"
Other,"1.7 Cubic Foot Compact ""Cube"" Office Refrigerators"
Avery,Avery Heavy-Duty EZD  Binder With Locking Rings
Other,"Premium Writing Pencils, Soft, #2 by Central Association for the Blind"
Other,"Sortfiler Multipurpose Personal File Organizer, Black"
Other,Jet-Pak Recycled Peel 'N' Seal Padded Mailers
SAFCO,Safco Industrial Wire Shelving
Novimex,Novimex Swivel Fabric Task Chair
Logitech,Logitech LS21 Speaker System - PC Multimedia - 2.1-CH - Wired
Avery,Avery 511
Eldon,Eldon Portable Mobile Manager
Other,Turquoise Lead Holder with Pocket Clip
Xerox,Xerox 1995
Xerox,Xerox 1999
Seth Thomas,"Seth Thomas 13 1/2"" Wall Clock"
Ibico,Ibico Standard Transparent Covers
Other,Flexible Leather- Look Classic Collection Ring Binder
Other,9-3/4 Diameter Round Wall Clock
Other,Trimflex Flexible Post Binders
Fellowes,Fellowes Basic Home/Office Series Surge Protectors
Avery,Avery Personal Creations Heavyweight Cards
SanDisk,SanDisk Ultra 64 GB MicroSDHC Class 10 Memory Card
Avery,Avery Hidden Tab Dividers for Binding Systems
Universal,Universal Premium White Copier/Laser Paper (20Lb. and 87 Bright)
Logitech,Logitech K350 2.4Ghz Wireless Keyboard
Deflect-o,"Deflect-o DuraMat Lighweight, Studded, Beveled Mat for Low Pile Carpeting"
Avery,"Avery Trapezoid Ring Binder, 3"" Capacity, Black, 1040 sheets"
Memorex,Memorex Mini Travel Drive 8 GB USB 2.0 Flash Drive
Other,Speck Products Candyshell Flip Case
Newell,Newell Chalk Holder
Logitech,Logitech Gaming G510s - Keyboard
Other,Magnifier Swing Arm Lamp
Hunt,"Hunt PowerHouse Electric Pencil Sharpener, Blue"
Avery,"Avery Durable Plastic 1"" Binders"
Other,"OIC Colored Binder Clips, Assorted Sizes"
Other,"Redi-Strip #10 Envelopes, 4 1/8 x 9 1/2"
Xerox,Xerox 1921
Tyvek,"Tyvek  Top-Opening Peel & Seel Envelopes, Plain White"
Hon,Hon Racetrack Conference Tables
GBC,GBC DocuBind 300 Electric Binding Machine
Other,Artistic Insta-Plaque
Other,"Companion Letter/Legal File, Black"
Global,Globe Weis Peel & Seel First Class Envelopes
Other,KLD Oscar II Style Snap-on Ultra Thin Side Flip Synthetic Leather Cover Case for HTC One HTC M7
Global,Global Deluxe High-Back Manager's Chair
Bevis,Bevis 44 x 96 Conference Tables
Avery,"Avery Durable Slant Ring Binders, No Labels"
Other,"Trav-L-File Heavy-Duty Shuttle II, Black"
Global,"Global Task Chair, Black"
Eldon,Eldon Cleatmat Plus Chair Mats for High Pile Carpets
Anker,Anker 36W 4-Port USB Wall Charger Travel Power Adapter for iPhone 5s 5c 5
Xerox,Xerox 1916
Other,Staples
Xerox,Xerox 195
Xerox,Xerox 1880
Sanford,"Sanford Colorific Colored Pencils, 12/Box"
Other,Ideal Clamps
GBC,GBC Wire Binding Strips
Fiskars,Fiskars Softgrip Scissors
Newell,Newell 343
Other,Convenience Packs of Business Envelopes
Xerox,Xerox 1911
Sanyo,Sanyo 2.5 Cubic Foot Mid-Size Office Refrigerators
Seth Thomas,"Seth Thomas 14"" Putty-Colored Wall Clock"
Plantronics,Plantronics Cordless Phone Headset with In-line Volume - M214C
Anker,Anker Astro 15000mAh USB Portable Charger
GBC,GBC Prestige Therm-A-Bind Covers
Belkin,Belkin 7 Outlet SurgeMaster Surge Protector with Phone Protection
Jabra,Jabra BIZ 2300 Duo QD Duo Corded Headset
Southworth,Southworth 25% Cotton Antique Laid Paper & Envelopes
Xerox,Xerox 1883
Tenex,"Tenex Personal Project File with Scoop Front Design, Black"
Newell,Newell 311
Avery,Avery 519
Avaya,Avaya 5420 Digital phone
Xerox,Xerox 1920
Other,Lenovo 17-Key USB Numeric Keypad
Staple envelope,Staple envelope
Wilson Jones,Wilson Jones International Size A4 Ring Binders
BIC,BIC Brite Liner Highlighters
Other,Lexmark MX611dhe Monochrome Laser Printer
Space Solutions,Space Solutions HD Industrial Steel Shelving.
SAFCO,SAFCO Arco Folding Chair
Sanford,Sanford Liquid Accent Highlighters
Kensington,Kensington 7 Outlet MasterPiece Power Center
Other,JBL Micro Wireless Portable Bluetooth Speaker
Adams,"Adams Phone Message Book, Professional, 400 Message Capacity, 5 3/6” x 11”"
Xerox,Xerox 1913
Global,"Global Value Steno Chair, Gray"
Kensington,Kensington 7 Outlet MasterPiece HOMEOFFICE Power Control Center
Avery,Avery 51
Acco,"Acco 7-Outlet Masterpiece Power Center, Wihtout Fax/Phone Line Protection"
Other,"Padded Folding Chairs, Black, 4/Carton"
Acme,Acme Rosewood Handle Letter Opener
Sanford,"Sanford Colorific Eraseable Coloring Pencils, 12 Count"
Tenex,"Tenex File Box, Personal Filing Tote with Lid, Black"
Imation,Imation Secure+ Hardware Encrypted USB 2.0 Flash Drive; 16GB
AT&T,AT&T TR1909W
Nokia,Nokia Lumia 521 (T-Mobile)
HP,HP Standard 104 key PS/2 Keyboard
Avery,Avery Poly Binder Pockets
SanDisk,SanDisk Ultra 32 GB MicroSDHC Class 10 Memory Card
Other,"Personal Filing Tote with Lid, Black/Gray"
Atlantic,"Atlantic Metals Mobile 4-Shelf Bookcases, Custom Colors"
Other,I Need's 3d Hello Kitty Hybrid Silicone Case Cover for HTC One X 4g with 3d Hello Kitty Stylus Pen Green/pink
Xerox,Xerox 205
Other,4009 Highlighters by Sanford
Binney & Smith,"Binney & Smith Crayola Metallic Colored Pencils, 8-Color Set"
Binney & Smith,"Binney & Smith inkTank Erasable Desk Highlighter, Chisel Tip, Yellow, 12/Box"
Decoflex,Decoflex Hanging Personal Folder File
Pressboard,"Pressboard Covers with Storage Hooks, 9 1/2"" x 11"", Light Blue"
Wirebound,"Wirebound Message Books, 5-1/2 x 4 Forms, 2 or 4 Forms per Page"
Southworth,Southworth 25% Cotton Linen-Finish Paper & Envelopes
Other,BoxOffice By Design Rectangular and Half-Moon Meeting Room Tables
Other,"Bravo II Megaboss 12-Amp Hard Body Upright, Replacement Belts, 2 Belts per Pack"
Eureka,Eureka Sanitaire  Commercial Upright
Eldon,"Eldon 200 Class Desk Accessories, Burgundy"
Nortel,Nortel Business Series Terminal T7208 Digital phone
Tennsco,"Tennsco Lockers, Gray"
Panasonic,Panasonic KX-TG6844B Expandable Digital Cordless Telephone
Advantus,"Advantus Push Pins, Aluminum Head"
Gould Plastics,"Gould Plastics 18-Pocket Panel Bin, 34w x 5-1/4d x 20-1/2h"
Memorex,Memorex Micro Travel Drive 8 GB
Avery,Avery 505
O'Sullivan,O'Sullivan 2-Door Barrister Bookcase in Odessa Pine
Cisco,Cisco 9971 IP Video Phone Charcoal
Sony,Sony Micro Vault Click 16 GB USB 2.0 Flash Drive
Other,Adtran 1202752G1
Other,OIC Bulk Pack Metal Binder Clips
Other,"While You Were Out Pads, 50 per Pad, 4 x 5 1/4, Green Cycle"
Executive Impressions,"Executive Impressions 14"" Two-Color Numerals Wall Clock"
Other,Swingline SM12-08 MicroCut Jam Free Shredder
Stanley,Stanley Bostitch Contemporary Electric Pencil Sharpeners
Sanford,"Sanford Uni-Blazer View Highlighters, Chisel Tip, Yellow"
Bevis,Bevis 36 x 72 Conference Tables
Rogers,Rogers Deluxe File Chest
Global,Global Low Back Tilter Chair
Global,"Global Push Button Manager's Chair, Indigo"
GBC,GBC Instant Index System for Binding Systems
Bush,Bush Advantage Collection Round Conference Table
Bretford,Bretford Rectangular Conference Table Tops
Tenex,"Tenex Contemporary Contur Chairmats for Low and Medium Pile Carpet, Computer, 39"" x 49"""
Logitech,Logitech P710e Mobile Speakerphone
Xerox,Xerox 4200 Series MultiUse Premium Copy Paper (20Lb. and 84 Bright)
Xerox,Xerox 1957
Luxo,Luxo Professional Fluorescent Magnifier Lamp with Clamp-Mount Base
Staple-based wall hangings,Staple-based wall hangings
Other,PureGear Roll-On Screen Protector
KI,KI Conference Tables
Eldon,Eldon 100 Class Desk Accessories
SAFCO,Safco Steel Mobile File Cart
Adams,"Adams Telephone Message Book w/Frequently-Called Numbers Space, 400 Messages per Book"
Honeywell,Honeywell Enviracaire Portable HEPA Air Cleaner for 17' x 22' Room
Global,"Global Leather Highback Executive Chair with Pneumatic Height Adjustment, Black"
Wirebound,"Wirebound Message Books, Two 4 1/4"" x 5"" Forms per Page"
Fellowes,"Fellowes Personal Hanging Folder Files, Navy"
Tyvek,Tyvek Side-Opening Peel & Seel Expanding Envelopes
Belkin,"Belkin 19"" Vented Equipment Shelf, Black"
Logitech,Logitech Mobile Speakerphone P710e - speaker phone
Other,Sabrent 4-Port USB 2.0 Hub
SAFCO,Safco Industrial Shelving
Acco,Acco 3-Hole Punch
Eureka,Eureka Disposable Bags for Sanitaire Vibra Groomer I Upright Vac
Xerox,Xerox WorkCentre 6505DN Laser Multifunction Printer
Cisco,Cisco Small Business SPA 502G VoIP phone
Microsoft,Microsoft Sculpt Comfort Mouse
Quartet,"Quartet Omega Colored Chalk, 12/Pack"
Other,Bagged Rubber Bands
SAFCO,Safco Commercial Shelving
Other,"Recycled Interoffice Envelopes with String and Button Closure, 10 x 13"
Other,Adjustable Depth Letter/Legal Cart
Logitech,Logitech 910-002974 M325 Wireless Mouse for Web Scrolling
Other,Regeneration Desk Collection
Other,Presstex Flexible Ring Binders
Ampad,"Ampad Gold Fibre Wirebound Steno Books, 6"" x 9"", Gregg Ruled"
Newell,Newell 330
Other,"Post-it “Important Message” Note Pad, Neon Colors, 50 Sheets/Pad"
Adams,"Adams Write n' Stick Phone Message Book, 11"" X 5 1/4"", 200 Messages"
Eldon,Eldon Simplefile Box Office
Avery,Avery 489
Other,Round Ring Binders
Other,Bose SoundLink Bluetooth Speaker
Bevis,"Bevis Round Bullnose 29"" High Table Top"
Microsoft,Microsoft Arc Touch Mouse
Xerox,Xerox 216
GBC,GBC VeloBinder Electric Binding Machine
Other,Premier Automatic Letter Opener
Advantus,Advantus SlideClip Paper Clips
Avery,Avery 512
Logitech,Logitech Wireless Gaming Headset G930
Bush,"Bush Westfield Collection Bookcases, Medium Cherry Finish"
Howard Miller,"Howard Miller 13"" Diameter Goldtone Round Wall Clock"
Global,Global Deluxe Office Fabric Chairs
Eldon,Eldon ClusterMat Chair Mat with Cordless Antistatic Protection
Ibico,Ibico Laser Imprintable Binding System Covers
Other,"Vinyl Coated Wire Paper Clips in Organizer Box, 800/Box"
Xerox,Xerox 223
Tennsco,"Tennsco Stur-D-Stor Boltless Shelving, 5 Shelves, 24"" Deep, Sand"
Xerox,Xerox 1939
Other,"Floodlight Indoor Halogen Bulbs, 1 Bulb per Pack, 60 Watts"
Avery,Avery Premier Heavy-Duty Binder with Round Locking Rings
Other,BPI Conference Tables
Electrix,Electrix 20W Halogen Replacement Bulb for Zoom-In Desk Lamp
Newell,Newell 350
GBC,"GBC Clear Cover, 8-1/2 x 11, unpunched, 25 covers per pack"
Boston,Boston Heavy-Duty Trimline Electric Pencil Sharpeners
Other,Faber Castell Col-Erase Pencils
C-Line,C-Line Cubicle Keepers Polyproplyene Holder With Velcro Backings
Hon,Hon 4070 Series Pagoda Armless Upholstered Stacking Chairs
Eldon,"Eldon Expressions Desk Accessory, Wood Photo Frame, Mahogany"
Avery,Avery 509
Deflect-o,"Deflect-o SuperTray Unbreakable Stackable Tray, Letter, Black"
AT&T,AT&T 1070 Corded Phone
Xerox,Xerox 21
Boston,"Boston School Pro Electric Pencil Sharpener, 1670"
DMI,DMI Arturo Collection Mission-style Design Wood Chair
Canon,Canon imageCLASS MF7460 Monochrome Digital Laser Multifunction Copier
NETGEAR,NETGEAR N750 Dual Band Wi-Fi Gigabit Router
Other,OIC Binder Clips
Logitech,Logitech Wireless Headset h800
Other,Telescoping Adjustable Floor Lamp
Other,Aastra 57i VoIP phone
Other,"File Shuttle II and Handi-File, Black"
Hon,Hon 2090 “Pillow Soft” Series Mid Back Swivel/Tilt Chairs
Other,Round Specialty Laser Printer Labels
GBC,GBC Premium Transparent Covers with Diagonal Lined Pattern
AT&T,AT&T 841000 Phone
Ibico,Ibico Recycled Grain-Textured Covers
Wilson Jones,Wilson Jones Custom Binder Spines & Labels
Storex,Storex Dura Pro Binders
Hewlett-Packard,Hewlett Packard LaserJet 3310 Copier
Avery,Avery Non-Stick Binders
Other,Tuff Stuff Recycled Round Ring Binders
Hon,Hon 5100 Series Wood Tables
OIC,"OIC Binder Clips, Mini, 1/4"" Capacity, Black"
Newell,Newell 314
Square,"Square Credit Card Reader, 4 1/2"" x 4 1/2"" x 1"", White"
BIC,"BIC Brite Liner Highlighters, Chisel Tip"
Xerox,Xerox 1881
Acco,Acco Hanging Data Binders
GBC,GBC DocuBind P400 Electric Binding System
Sauder,Sauder Barrister Bookcases
Other,"#10 Gummed Flap White Envelopes, 100/Box"
Dixon,"Dixon Prang Watercolor Pencils, 10-Color Set with Brush"
Adams,"Adams Phone Message Book, 200 Message Capacity, 8 1/16” x 11”"
Belkin,Belkin 8 Outlet SurgeMaster II Gold Surge Protector with Phone Protection
Avery,"Avery Address/Shipping Labels for Typewriters, 4"" x 2"""
Global,Global Ergonomic Managers Chair
Newell,Newell 333
Eldon,Eldon Wave Desk Accessories
Wilson Jones,Wilson Jones “Snap” Scratch Pad Binder Tool for Ring Binders
Staple remover,Staple remover
Other,Pizazz Global Quick File
Xerox,Xerox 1930
Other,File Shuttle I and Handi-File
NETGEAR,NETGEAR AC1750 Dual Band Gigabit Smart WiFi Router
Newell,Newell 324
Microsoft,Microsoft Natural Keyboard Elite
Xerox,Xerox 1960
Office Impressions,"Office Impressions End Table, 20-1/2""H x 24""W x 20""D"
Holmes,Holmes Odor Grabber
Akro,Akro-Mils 12-Gallon Tote
GBC,"GBC Twin Loop Wire Binding Elements, 9/16"" Spine, Black"
Southworth,Southworth Structures Collection
Other,"Square Ring Data Binders, Rigid 75 Pt. Covers, 11"" x 14-7/8"""
Sony,Sony 32GB Class 10 Micro SDHC R40 Memory Card
Hon,"Hon Practical Foundations 30 x 60 Training Table, Light Gray/Charcoal"
Logitech,Logitech Media Keyboard K200
Lexmark,Lexmark MarkNet N8150 Wireless Print Server
3M,3M Hangers With Command Adhesive
Crayola,Crayola Colored Pencils
Angle-D,"Angle-D Binders with Locking Rings, Label Holders"
Nortel,Nortel Meridian M3904 Professional Digital phone
Canon,Canon PC1080F Personal Copier
Wilson Jones,Wilson Jones Century Plastic Molded Ring Binders
Other,Tuf-Vin Binders
Other,2300 Heavy-Duty Transfer File Systems by Perma
Xerox,Xerox 1958
Acme,"Acme 10"" Easy Grip Assistive Scissors"
Other,Super Decoflex Portable Personal File
Other,"Contico 72""H Heavy-Duty Storage System"
Sony,Sony 64GB Class 10 Micro SDHC R40 Memory Card
Xerox,Xerox 1974
Avery,"Avery Hi-Liter EverBold Pen Style Fluorescent Highlighters, 4/Pack"
Staple holder,Staple holder
Sharp,Sharp AL-1530CS Digital Copier
Wirebound,"Wirebound Message Book, 4 per Page"
Bevis,"Bevis Round Conference Table Top, X-Base"
Wirebound,"Wirebound Service Call Books, 5 1/2"" x 4"""
Other,Self-Adhesive Removable Labels
Xerox,Xerox 1908
O'Sullivan,O'Sullivan 4-Shelf Bookcase in Odessa Pine
Novimex,Novimex High-Tech Fabric Mesh Task Chair
Xerox,Xerox 191
Bulldog,Bulldog Vacuum Base Pencil Sharpener
Bevis,Bevis Steel Folding Chairs
Xerox,Xerox 1987
Other,American Pencil
Other,"White Envelopes, White Envelopes with Clear Poly Window"
KeyTronic,KeyTronic 6101 Series - Keyboard - Black
Westinghouse,"Westinghouse Mesh Shade Clip-On Gooseneck Lamp, Black"
Other,Crate-A-Files
Hon,Hon Multipurpose Stacking Arm Chairs
Other,Coloredge Poster Frame
GBC,GBC VeloBinder Manual Binding System
Epson,"Epson WorkForce WF-2530 All-in-One Printer, Copier Scanner"
Other,Design Ebony Sketching Pencil
GBC,GBC ProClick 150 Presentation Binding System
Other,Woodgrain Magazine Files by Perma
Other,Letter Size Cart
Other,Insertable Tab Post Binder Dividers
Belkin,Belkin QODE FastFit Bluetooth Keyboard
Canon,"Canon Color ImageCLASS MF8580Cdw Wireless Laser All-In-One Printer, Copier, Scanner"
Xerox,Xerox 1897
Global,Global Deluxe Steno Chair
Other,Aluminum Document Frame
Fellowes,Fellowes Bankers Box Staxonsteel Drawer File/Stacking System
Eldon,Eldon Mobile Mega Data Cart  Mega Stackable  Add-On Trays
Xerox,"Xerox Color Copier Paper, 11"" x 17"", Ream"
Office Star,Office Star - Ergonomically Designed Knee Chair
Avery,Avery 520
GE,"GE General Purpose, Extra Long Life, Showcase & Floodlight Incandescent Bulbs"
Newell,Newell 345
Fellowes,Fellowes Bankers Box Recycled Super Stor/Drawer
Boston,Boston 1645 Deluxe Heavier-Duty Electric Pencil Sharpener
Other,50 Colored Long Pencils
Newell,Newell 342
Belkin,Belkin Grip Candy Sheer Case / Cover for iPhone 5 and 5S
Other,Deluxe Rollaway Locking File with Drawer
Memorex,Memorex Mini Travel Drive 16 GB USB 2.0 Flash Drive
Global,"Global Geo Office Task Chair, Gray"
Hon,Hon 4700 Series Mobuis Mid-Back Task Chairs with Adjustable Arms
3M,3M Office Air Cleaner
Logitech,Logitech G700s Rechargeable Gaming Mouse
Acco,Acco D-Ring Binder w/DublLock
Bush,Bush Advantage Collection Racetrack Conference Table
Poly,Poly Designer Cover & Back
Premier,Premier Electric Letter Opener
Fellowes,"Fellowes Premier Superior Surge Suppressor, 10-Outlet, With Phone and Remote"
Bush,Bush Mission Pointe Library
Cardinal,Cardinal Hold-It CD Pocket
Other,"Eaton Premium Continuous-Feed Paper, 25% Cotton, Letter Size, White, 1000 Shts/Box"
SAFCO,SAFCO Boltless Steel Shelving
Sauder,"Sauder Mission Library with Doors, Fruitwood Finish"
Samsung,Samsung Galaxy Note 3
Decoflex,"Decoflex Hanging Personal Folder File, Blue"
Other,"Recycled Desk Saver Line ""While You Were Out"" Book, 5 1/2"" X 4"""
Xerox,Xerox 1912
Cisco,Cisco SPA525G2 IP Phone - Wireless
Prang,Prang Colored Pencils
Fellowes,"Fellowes Strictly Business Drawer File, Letter/Legal Size"
Imation,Imation USB 2.0 Swivel Flash Drive USB flash drive - 4 GB - Pink
Logitech,Logitech G602 Wireless Gaming Mouse
Other,Alphabetical Labels for Top Tab Filing
O'Sullivan,O'Sullivan Living Dimensions 2-Shelf Bookcases
Other,iHome FM Clock Radio with Lightning Dock
Apple,Apple iPhone 5S
Square,Square Credit Card Reader
Logitech,Logitech M510 Wireless Mouse
Fellowes,Fellowes Officeware Wire Shelving
Other,Colored Envelopes
Sony,Sony Micro Vault Click 8 GB USB 2.0 Flash Drive
Balt,Balt Solid Wood Rectangular Table
Strathmore,"Strathmore #10 Envelopes, Ultimate White"
Other,Clear Mylar Reinforcing Strips
Howard Miller,"Howard Miller 14-1/2"" Diameter Chrome Round Wall Clock"
Deflect-o,Deflect-O Glasstique Clear Desk Accessories
Other,Vinyl Sectional Post Binders
GBC,GBC Standard Therm-A-Bind Covers
Global,Global Troy Executive Leather Low-Back Tilter
Storex,Storex Flexible Poly Binders with Double Pockets
Other,"White Dual Perf Computer Printout Paper, 2700 Sheets, 1 Part, Heavyweight, 20 lbs., 14 7/8 x 11"
Rogers,Rogers Handheld Barrel Pencil Sharpener
Newell,Newell 344
Other,Personal File Boxes with Fold-Down Carry Handle
Fellowes,Fellowes PB500 Electric Punch Plastic Comb Binding Machine with Manual Bind
Executive Impressions,Executive Impressions Supervisor Wall Clock
SanDisk,SanDisk Cruzer 32 GB USB Flash Drive
Newell,Newell 327
Newell,Newell 317
Canon,Canon Image Class D660 Copier
Advantus,Advantus Rolling Storage Box
Other,Great White Multi-Use Recycled Paper (20Lb. and 84 Bright)
Tennsco,Tennsco Single-Tier Lockers
Carina,Carina Double Wide Media Storage Towers in Natural & Black
XtraLife,XtraLife ClearVue Slant-D Ring Binders by Cardinal
Motorola,Motorola HK250 Universal Bluetooth Headset
Imation,Imation 16GB Mini TravelDrive USB 2.0 Flash Drive
Global,Global Commerce Series High-Back Swivel/Tilt Chairs
Eldon,Eldon Gobal File Keepers
Martin-Yale,Martin Yale Chadless Opener Electric Letter Opener
Other,"White Business Envelopes with Contemporary Seam, Recycled White Business Envelopes"
SAFCO,Safco Contoured Stacking Chairs
Tenex,Tenex Chairmats For Use With Carpeted Floors
Panasonic,Panasonic KX-TG9471B
Sterilite,Sterilite Officeware Hinged File Box
Premier,"Premier Elliptical Ring Binder, Black"
Cardinal,Cardinal Poly Pocket Divider Pockets for Ring Binders
Eureka,Eureka The Boss Cordless Rechargeable Stick Vac
Other,"Situations Contoured Folding Chairs, 4/Set"
Enermax,Enermax Aurora Lite Keyboard
LG,LG Electronics Tone+ HBS-730 Bluetooth Headset
SanDisk,SanDisk Cruzer 64 GB USB Flash Drive
Other,Xblue XB-1670-86 X16 Small Office Telephone - Titanium
Deflect-o,"Deflect-o EconoMat Studded, No Bevel Mat for Low Pile Carpeting"
Avery,Avery Printable Repositionable Plastic Tabs
Xerox,Xerox 1898
Hon,HON 5400 Series Task Chairs for Big and Tall
Howard Miller,"Howard Miller 11-1/2"" Diameter Grantwood Wall Clock"
Advantus,Advantus T-Pin Paper Clips
Tennsco,Tennsco 16-Compartment Lockers with Coat Rack
Zebra,Zebra Zazzle Fluorescent Highlighters
Avery,Avery 473
Bretford,Bretford “Just In Time” Height-Adjustable Multi-Task Work Tables
Xerox,Xerox 226
GBC,"GBC Prepunched Paper, 19-Hole, for Binding Systems, 24-lb"
Other,"Sanitaire Vibra Groomer IR Commercial Upright Vacuum, Replacement Belts"
Advantus,Advantus Panel Wall Acrylic Frame
Alliance,"Alliance Big Bands Rubber Bands, 12/Pack"
Cisco,Cisco SPA301
Other,Personal Creations Ink Jet Cards and Labels
GBC,"GBC White Gloss Covers, Plain Front"
Xerox,Xerox 222
Hon,Hon Every-Day Series Multi-Task Chairs
Other,Cush Cases Heavy Duty Rugged Cover Case for Samsung Galaxy S5 - Purple
Newell,Newell 332
REDIFORM,Rediform S.O.S. Phone Message Books
Acme,Acme Value Line Scissors
Other,"Contract Clock, 14"", Brown"
Martin-Yale,Martin-Yale Premier Letter Opener
AT&T,AT&T SB67148 SynJ
Other,Recycled Pressboard Report Cover with Reinforced Top Hinge
Other,"Dot Matrix Printer Tape Reel Labels, White, 5000/Box"
Other,i.Sound Portable Power - 8000 mAh
Xerox,Xerox 225
Xerox,Xerox 1894
Newell,Newell 312
Fellowes,Fellowes Superior 10 Outlet Split Surge Protector
Dana,Dana Halogen Swing-Arm Architect Lamp
Acme,Acme Stainless Steel Office Snips
Other,Mophie Juice Pack Helium for iPhone
GE,GE 2-Jack Phone Line Splitter
Other,"Hot File 7-Pocket, Floor Stand"
Xerox,Xerox 1889
Angle-D,Angle-D Ring Binders
Motorola,Motorola L804
Avery,Avery 493
Xerox,Xerox 1972
Cisco,Cisco 8x8 Inc. 6753i IP Business Phone System
Other,Prestige Round Ring Binders
DAX,"DAX Metal Frame, Desktop, Stepped-Edge"
DAX,"DAX Value U-Channel Document Frames, Easel Back"
Other,Recycled Easel Ring Binders
Grandstream,Grandstream GXP1160 VoIP phone
Cardinal,"Cardinal Slant-D Ring Binder, Heavy Gauge Vinyl"
Global,"Global Manager's Adjustable Task Chair, Storm"
Honeywell,Honeywell Enviracaire Portable HEPA Air Cleaner for up to 10 x 16 Room
Other,"Mini 13-1/2 Capacity Data Binder Rack, Pearl"
Master Caster,"Master Caster Door Stop, Brown"
Belkin,Belkin Premiere Surge Master II 8-outlet surge protector
Acco,"Acco Pressboard Covers with Storage Hooks, 9 1/2"" x 11"", Executive Red"
Tennsco,Tennsco Regal Shelving Units
Imation,Imation 32GB Pocket Pro USB 3.0 Flash Drive - 32 GB - Black - 1 P ...
Jabra,Jabra SPEAK 410
Verbatim,"Verbatim 25 GB 6x Blu-ray Single Layer Recordable Disc, 1/Pack"
Office Star,Office Star - Mesh Screen back chair with Vinyl seat
Other,Premium Transparent Presentation Covers by GBC
Tripp Lite,Tripp Lite TLP810NET Broadband Surge for Modem/Fax
Wilson Jones,Wilson Jones Turn Tabs Binder Tool for Ring Binders
Eldon,Eldon 200 Class Desk Accessories
Other,Economy Rollaway Files
Avery,Avery 480
Xerox,Xerox 1993
Eureka,"Eureka The Boss Plus 12-Amp Hard Box Upright Vacuum, Red"
Belkin,Belkin F9H710-06 7 Outlet SurgeMaster Surge Protector
First Data,First Data FD10 PIN Pad
Sony,Sony 16GB Class 10 Micro SDHC R40 Memory Card
Tripp Lite,Tripp Lite Isotel 8 Ultra 8 Outlet Metal Surge
Avery,Avery Durable Poly Binders
Other,Airmail Envelopes
Space Solutions,Space Solutions Commercial Steel Shelving
Acme,Acme Tagit Stainless Steel Antibacterial Scissors
ClearOne,ClearOne Communications CHAT 70 OC Speaker Phone
Other,"Master Giant Foot Doorstop, Safety Yellow"
Other,12-1/2 Diameter Round Wall Clock
Chromcraft,"Chromcraft Bull-Nose Wood Round Conference Table Top, Wood Base"
Adams,"Adams Telephone Message Book W/Dividers/Space For Phone Numbers, 5 1/4""X8 1/2"", 200/Messages"
Newell,Newell 331
Kensington,Kensington 6 Outlet Guardian Standard Surge Protector
Southworth,"Southworth 100% Résumé Paper, 24lb."
Hoover,Hoover Portapower Portable Vacuum
Verbatim,"Verbatim 25 GB 6x Blu-ray Single Layer Recordable Disc, 10/Pack"
Howard Miller,"Howard Miller 13-1/2"" Diameter Rosebrook Wall Clock"
Ibico,Ibico Hi-Tech Manual Binding System
Avery,Avery Hanging File Binders
Fellowes,Fellowes Neat Ideas Storage Cubes
Cubify,Cubify CubeX 3D Printer Triple Head Print
Avery,Avery 516
Bush,"Bush Andora Bookcase, Maple/Graphite Gray Finish"
Luxo,Luxo Professional Magnifying Clamp-On Fluorescent Lamps
Other,Recycled Eldon Regeneration Jumbo File
Imation,Imation Bio 8GB USB Flash Drive Imation Corp
Xerox,Xerox 1977
Avery,Avery 490
Avery,"Avery 4027 File Folder Labels for Dot Matrix Printers, 5000 Labels per Box, White"
Binney & Smith,"Binney & Smith Crayola Metallic Crayons, 16-Color Pack"
GBC,GBC Linen Binding Covers
Tenex,"Tenex ""The Solids"" Textured Chair Mats"
Other,Laminate Occasional Tables
Xerox,Xerox 220
Fellowes,Fellowes 8 Outlet Superior Workstation Surge Protector
O'Sullivan,O'Sullivan Living Dimensions 5-Shelf Bookcases
Other,"#10- 4 1/8"" x 9 1/2"" Security-Tint Envelopes"
Bionaire,Bionaire Personal Warm Mist Humidifier/Vaporizer
Logitech,Logitech Wireless Performance Mouse MX for PC and Mac
Cardinal,Cardinal Holdit Business Card Pockets
Howard Miller,"Howard Miller 13"" Diameter Pewter Finish Round Wall Clock"
Other,Tops Green Bar Computer Printout Paper
Chromcraft,Chromcraft Bull-Nose Wood Oval Conference Tables & Bases
Other,"Recycled Data-Pak for Archival Bound Computer Printouts, 12-1/2 x 12-1/2 x 16"
Seth Thomas,"Seth Thomas 16"" Steel Case Clock"
Acme,Acme Softgrip Scissors
Other,"Manila Recycled Extra-Heavyweight Clasp Envelopes, 6"" x 9"""
Clearsounds,ClearSounds CSC500 Amplified Spirit Phone Corded phone
Xerox,Xerox 1964
Bevis,"Bevis Traditional Conference Table Top, Plinth Base"
Other,"Personal Folder Holder, Ebony"
Logitech,Logitech Illuminated - Keyboard
O'Sullivan,O'Sullivan Cherrywood Estates Traditional Bookcase
Acco,Acco Translucent Poly Ring Binders
Logitech,Logitech Wireless Touch Keyboard K400
Avery,Avery 508
GBC,GBC Standard Plastic Binding Systems Combs
Xerox,Xerox 196
Fiskars,"Fiskars 8"" Scissors, 2/Pack"
Belkin,Belkin iPhone and iPad Lightning Cable
GBC,GBC Durable Plastic Covers
Nu-Dell,Nu-Dell Leatherette Frames
Avery,Avery Durable Binders
Hewlett-Packard,Hewlett Packard 610 Color Digital Copier / Printer
Chromcraft,Chromcraft Round Conference Tables
Avery,Avery 476
Other,Brown Kraft Recycled Envelopes
Plantronics,Plantronics S12 Corded Telephone Headset System
3-ring staple pack,3-ring staple pack
Fellowes,Fellowes Stor/Drawer Steel Plus Storage Drawers
Electrix,Electrix Halogen Magnifier Lamp
Hon,Hon 4070 Series Pagoda Round Back Stacking Chairs
Cardinal,Cardinal EasyOpen D-Ring Binders
GBC,GBC Instant Report Kit
Boston,Boston 19500 Mighty Mite Electric Pencil Sharpener
C-Line,"C-Line Magnetic Cubicle Keepers, Clear Polypropylene"
Dixon,"Dixon My First Ticonderoga Pencil, #2"
Hon,Hon GuestStacker Chair
Xerox,Xerox 1927
SAFCO,"Safco Value Mate Series Steel Bookcases, Baked Enamel Finish on Steel, Gray"
Microsoft,Microsoft Natural Ergonomic Keyboard 4000
Other,Cameo Buff Policy Envelopes
Other,Heavy-Duty E-Z-D Binders
Other,"Lifetime Advantage Folding Chairs, 4/Carton"
Acco,"Acco PRESSTEX Data Binder with Storage Hooks, Dark Blue, 9 1/2"" X 11"""
Office Star,Office Star - Contemporary Task Swivel Chair
Cisco,Cisco Unified IP Phone 7945G VoIP phone
Avery,Avery 499
Xerox,Xerox 1887
Smead,Smead Alpha-Z Color-Coded Second Alphabetical Labels and Starter Set
Executive Impressions,"Executive Impressions 14"" Contract Wall Clock"
Belkin,Belkin 7 Outlet SurgeMaster II
Xerox,Xerox 218
Eldon,"Eldon Stackable Tray, Side-Load, Legal, Smoke"
Other,Model L Table or Wall-Mount Pencil Sharpener
ClearOne,ClearOne CHATAttach 160 - speaker phone
Kensington,Kensington SlimBlade Notebook Wireless Mouse with Nano Receiver
Newell,Newell 32
Belkin,Belkin F9G930V10-GRY 9 Outlet Surge
Razer,Razer Tiamat Over Ear 7.1 Surround Sound PC Gaming Headset
Xerox,Xerox 1968
Other,Self-Adhesive Ring Binder Labels
Global,Global Leather Executive Chair
GBC,GBC Recycled Grain Textured Covers
Xerox,Xerox 1941
Razer,Razer Kraken PRO Over Ear PC and Music Headset
Kingston,Kingston Digital DataTraveler 32GB USB 2.0
Advantus,Advantus Plastic Paper Clips
Acme,Acme Forged Steel Scissors with Black Enamel Handles
Other,Security-Tint Envelopes
Global,"Global Airflow Leather Mesh Back Chair, Black"
Fellowes,"Fellowes Smart Surge Ten-Outlet Protector, Platinum"
Pyle,Pyle PMP37LED
Other,Clarity 53712
Boston,Boston 16801 Nautilus Battery Pencil Sharpener
Holmes,"Holmes Replacement Filter for HEPA Air Cleaner, Large Room"
Zebra,Zebra GX420t Direct Thermal/Thermal Transfer Printer
GBC,GBC ProClick Punch Binding System
Adams,"Adams Telephone Message Books, 5 1/4” x 11”"
Newell,Newell 335
O'Sullivan,O'Sullivan 3-Shelf Heavy-Duty Bookcases
Fellowes,Fellowes Binding Cases
Ibico,Ibico Plastic and Wire Spiral Binding Combs
Acme,Acme Preferred Stainless Steel Scissors
Avery,Avery 486
Linden,"Linden 10"" Round Wall Clock, Black"
Maxell,Maxell DVD-RAM Discs
Dixon,DIXON Oriole Pencils
Xerox,Xerox 202
Xerox,Xerox 1884
Acme,Acme Box Cutter Scissors
Staple magnet,Staple magnet
Other,Deluxe Chalkboard Eraser Cleaner
Logitech,Logitech MX Performance Wireless Mouse
Newell,Newell 337
Logitech,"Logitech B530 USB Headset - headset - Full size, Binaural"
Avery,Avery 482
Howard Miller,"Howard Miller 11-1/2"" Diameter Ridgewood Wall Clock"
Avery,Avery 483
Other,Large Capacity Hanging Post Binders
GBC,GBC Ibimaster 500 Manual ProClick Binding System
Southworth,Southworth 100% Cotton The Best Paper
Xerox,Xerox 1910
Logitech,Logitech G19 Programmable Gaming Keyboard
Acco,"Acco Pressboard Covers with Storage Hooks, 14 7/8"" x 11"", Light Blue"
Other,Lock-Up Easel 'Spel-Binder'
DAX,Dax Clear Box Frame
Fellowes,Fellowes Black Plastic Comb Bindings
Eldon,Eldon Shelf Savers Cubes and Bins
Anker,Anker Ultrathin Bluetooth Wireless Keyboard Aluminum Cover with Stand
Ampad,"Ampad Poly Cover Wirebound Steno Book, 6"" x 9"" Assorted Colors, Gregg Ruled"
Other,Fluorescent Highlighters by Dixon
Nortel,Nortel Networks T7316 E Nt8 B27
Other,Binding Machine Supplies
Things To Do,Things To Do Today Pad
Wilson Jones,Wilson Jones Hanging Recycled Pressboard Data Binders
Universal,Permanent Self-Adhesive File Folder Labels for Typewriters by Universal
Other,Deluxe Heavy-Duty Vinyl Round Ring Binder
Xerox,Xerox 1923
Xerox,Xerox 1931
Other,"Bush Westfield Collection Bookcases, Fully Assembled"
Other,Gear Head AU3700S Headset
Wilson Jones,Wilson Jones Legal Size Ring Binders
Polycom,Polycom CX600 IP Phone VoIP phone
Maxell,Maxell iVDR EX 500GB Cartridge
Fellowes,Fellowes High-Stak Drawer Files
Lesro,"Lesro Sheffield Collection Coffee Table, End Table, Center Table, Corner Table"
Acco,Acco Perma 4000 Stacking Storage Drawers
Maxell,Maxell 4.7GB DVD-R
OtterBox,OtterBox Commuter Series Case - iPhone 5 & 5s
Kensington,Kensington 4 Outlet MasterPiece Compact Power Control Center
Xerox,Xerox 1985
Other,Hypercom P1300 Pinpad
Sanford,"Sanford Prismacolor Professional Thick Lead Art Pencils, 36-Color Set"
Other,"RSVP Cards & Envelopes, Blank White, 8-1/2"" X 11"", 24 Cards/25 Envelopes/Set"
Wirebound,"Wirebound Message Books, 2 7/8"" x 5"", 3 Forms per Page"
Other,JM Magazine Binder
Xerox,Xerox 213
Fellowes,Fellowes 8 Outlet Superior Workstation Surge Protector w/o Phone/Fax/Modem Protection
Message Book,"Message Book, Standard Line ""While You Were Out"", 5 1/2"" X 4"", 200 Sets/Book"
Acco,"Acco Pressboard Covers with Storage Hooks, 14 7/8"" x 11"", Dark Blue"
Standard,Standard Rollaway File with Lock
Avery,"Avery Trapezoid Extra Heavy Duty 4"" Binders"
Bevis,Bevis Boat-Shaped Conference Table
Deflect-o,"Deflect-o RollaMat Studded, Beveled Mat for Medium Pile Carpeting"
Riverside,"Riverside Furniture Oval Coffee Table, Oval End Table, End Table with Drawer"
Xerox,Xerox 210
Avery,Avery Durable Slant Ring Binders
Universal,"Universal Ultra Bright White Copier/Laser Paper, 8 1/2"" x 11"", Ream"
Luxo,Luxo Professional Combination Clamp-On Lamps
Other,Zipper Ring Binder Pockets
Avery,Avery File Folder Labels
Other,Color-Coded Legal Exhibit Labels
Xerox,Xerox 212
Other,Computer Printout Paper with Letter-Trim Fine Perforations
Office Impressions,Office Impressions Heavy Duty Welded Shelving & Multimedia Storage Drawers
DAX,DAX Black Cherry Wood-Tone Poster Frame
Wilson Jones,Wilson Jones Easy Flow II Sheet Lifters
Xerox,Xerox 188
BIC,"BIC Brite Liner Grip Highlighters, Assorted, 5/Pack"
Samsung,Samsung Galaxy S III - 16GB - pebble blue (T-Mobile)
Other,"#10- 4 1/8"" x 9 1/2"" Recycled Envelopes"
Wasp,Wasp CCD Handheld Bar Code Reader
Acco,Acco Suede Grain Vinyl Round Ring Binder
Bulldog,Bulldog Table or Wall-Mount Pencil Sharpener
Xerox,Xerox 1979
Fellowes,Fellowes PB300 Plastic Comb Binding Machine
Plantronics,Plantronics Voyager Pro Legend
Other,Laser & Ink Jet Business Envelopes
Other,Portable Personal File Box
Other,Magna Visual Magnetic Picture Hangers
Plantronics,Plantronics CS510 - Over-the-Head monaural Wireless Headset System
Fellowes,Fellowes Super Stor/Drawer Files
Other,UniKeep View Case Binders
Eldon,"Eldon Delta Triangular Chair Mat, 52"" x 58"", Clear"
Other,Project Tote Personal File
Enermax,Enermax Acrylux Wireless Keyboard
G. E.,G.E. Halogen Desk Lamp Bulbs
OtterBox,OtterBox Commuter Series Case - Samsung Galaxy S4
Iceberg,Iceberg Mobile Mega Data/Printer Cart
Staples in misc. colors,Staples in misc. colors
Global,Global Comet Stacking Arm Chair
Cisco,Cisco SPA525G2 5-Line IP Phone
Peel & Seel,Peel & Seel Envelopes
GBC,GBC Plastic Binding Combs
Xerox,Xerox 2
Xerox,Xerox 1935
Other,Cyber Acoustics AC-202b Speech Recognition Stereo Headset
Cisco,Cisco SPA508G
Avery,Avery 514
Southworth,Southworth 25% Cotton Granite Paper & Envelopes
Eldon,Eldon Advantage Chair Mats for Low to Medium Pile Carpets
Other,Aluminum Screw Posts
Newell,Newell 336
Maxell,Maxell 4.7GB DVD+RW 3/Pack
Atlantic,"Atlantic Metals Mobile 5-Shelf Bookcases, Custom Colors"
Quartet,"Quartet Alpha White Chalk, 12/Pack"
Belkin,Belkin F9S820V06 8 Outlet Surge
Global,"Global Stack Chair without Arms, Black"
Eldon,Eldon Antistatic Chair Mats for Low to Medium Pile Carpets
Other,"Important Message Pads, 50 4-1/4 x 5-1/2 Forms per Pad"
Howard Miller,"Howard Miller 12"" Round Wall Clock"
Dixon,DIXON Ticonderoga Erasable Checking Pencils
Eldon,Eldon Advantage Foldable Chair Mats for Low Pile Carpets
Avery,Avery Round Ring Poly Binders
Avery,Avery Hole Reinforcements
Wilson Jones,"Wilson Jones Ledger-Size, Piano-Hinge Binder, 2"", Blue"
Stockwell,Stockwell Gold Paper Clips
Other,"Super Bands, 12/Pack"
Plantronics,Plantronics 81402
Other,Assorted Color Push Pins
GBC,"GBC Velobind Prepunched Cover Sets, Regency Series"
3M,3M Organizer Strips
Avery,Avery Durable Slant Ring Binders With Label Holder
Other,Micropad Numeric Keypads
Newell,Newell 328
Belkin,Belkin 8 Outlet SurgeMaster II Gold Surge Protector
Global,"Global High-Back Leather Tilter, Burgundy"
Ativa,Ativa V4110MDD Micro-Cut Shredder
Xerox,Xerox 224
Avery,Avery 488
Other,Innergie mMini Combo Duo USB Travel Charging Kit
Stanley,Stanley Contemporary Battery Pencil Sharpeners
AT&T,AT&T 1080 Corded phone
Xerox,Xerox 1950
Fellowes,"Fellowes Mobile File Cart, Black"
GBC,GBC Recycled VeloBinder Covers
Hon,Hon 4060 Series Tables
Newell,Newell 326
Logitech,Logitech ClearChat Comfort/USB Headset H390
Newell,Newell 346
REDIFORM,"Rediform Wirebound ""Phone Memo"" Message Book, 11 x 5-3/4"
GBC,"GBC Standard Recycled Report Covers, Clear Plastic Sheets"
Other,"Recycled Interoffice Envelopes with Re-Use-A-Seal Closure, 10 x 13"
Other,invisibleSHIELD by ZAGG Smudge-Free Screen Protector
Xerox,Xerox 1905
Bush,"Bush Saratoga Collection 5-Shelf Bookcase, Hanover Cherry, *Special Order"
Ampad,"Ampad Evidence Wirebond Steno Books, 6"" x 9"""
Apple,Apple iPhone 5C
Newell,Newell 351
KI,KI Adjustable-Height Table
Xerox,Xerox 1945
Avery,Avery 502
Other,Steel Personal Filing/Posting Tote
Tyvek,"Tyvek  Top-Opening Peel & Seel  Envelopes, Gray"
Xerox,Xerox 1896
Cardinal,Cardinal Slant-D Ring Binders
Stockwell,Stockwell Push Pins
Other,Star Micronics TSP800 TSP847IIU Receipt Printer
Hoover,Hoover Shoulder Vac Commercial Portable Vacuum
Acco,Acco Expandable Hanging Binders
Other,Shocksock Galaxy S4 Armband
Brother,Brother DCP1000 Digital 3 in 1 Multifunction Machine
Eldon,"Eldon Regeneration Recycled Desk Accessories, Smoke"
Crayola,"Crayola Anti Dust Chalk, 12/Pack"
SAFCO,"SAFCO Commercial Wire Shelving, 72h"
Chromcraft,"Chromcraft 48"" x 96"" Racetrack Double Pedestal Table"
Hon,Hon Deluxe Fabric Upholstered Stacking Chairs
Belkin,"Belkin 325VA UPS Surge Protector, 6'"
Other,PowerGen Dual USB Car Charger
Cardinal,"Cardinal HOLDit! Binder Insert Strips,Extra Strips"
C-Line,"C-Line Cubicle Keepers Polyproplyene Holder w/Velcro Back, 8-1/2x11, 25/Bx"
Xerox,Xerox 1996
Iris,Iris Project Case
Other,"Geographics Note Cards, Blank, White, 8 1/2"" x 11"""
ACCOHIDE,ACCOHIDE Binder by Acco
Avery,"Avery 3 1/2"" Diskette Storage Pages, 10/Pack"
Staple-on labels,Staple-on labels
Other,Harbour Creations Steel Folding Chair
Other,Wireless Extenders zBoost YX545 SOHO Signal Booster
Other,"OIC #2 Pencils, Medium Soft"
Other,Sannysis Cute Owl Design Soft Skin Case Cover for Samsung Galaxy S4
Other,Peel & Stick Add-On Corner Pockets
Carina,"Carina 42""Hx23 3/4""W Media Storage Unit"
Other,Toshiba IPT2010-SD IP Telephone
Other,GuestStacker Chair with Chrome Finish Legs
Xerox,Xerox 1924
Ultra,Ultra Door Push Plate
Kensington,Kensington Orbit Wireless Mobile Trackball for PC and Mac
Global,Global Chrome Stack Chair
Sauder,"Sauder Facets Collection Locker/File Cabinet, Sky Alder Finish"
Newell,Newell 315
Pressboard,Pressboard Data Binders by Wilson Jones
Wilson Jones,Wilson Jones Standard D-Ring Binders
Eldon,"Eldon Expressions Punched Metal & Wood Desk Accessories, Pewter & Cherry"
Samsung,Samsung Galaxy Note 2
GE,GE DSL Phone Line Filter
Carina,Carina Media Storage Towers in Natural & Black
Fellowes,Fellowes Econo/Stor Drawers
Sanford,SANFORD Liquid Accent Tank-Style Highlighters
Other,"Blue String-Tie & Button Interoffice Envelopes, 10 x 13"
Canon,Canon Imageclass D680 Copier / Fax
Other,24-Hour Round Wall Clock
Eldon,Eldon Radial Chair Mat for Low to Medium Pile Carpets
Eldon,"Eldon Image Series Desk Accessories, Ebony"
Sanford,Sanford 52201 APSCO Electric Pencil Sharpener
Samsung,Samsung Replacement EH64AVFWE Premium Headset
GBC,GBC DocuBind P100 Manual Binding Machine
Other,Fashion Color Clasp Envelopes
Hon,Hon Non-Folding Utility Tables
Bestar,Bestar Classic Bookcase
Office Star,Office Star - Contemporary Swivel Chair with Padded Adjustable Arms and Flex Back
Sanford,Sanford Pocket Accent Highlighters
Mitel,Mitel MiVoice 5330e IP Phone
Westinghouse,Westinghouse Clip-On Gooseneck Lamps
Howard Miller,Howard Miller Distant Time Traveler Alarm Clock
Tennsco,Tennsco Double-Tier Lockers
Other,Wilson SignalBoost 841262 DB PRO Amplifier Kit
XtraLife,"XtraLife ClearVue Slant-D Ring Binder, White, 3"""
Other,Pencil and Crayon Sharpener
Ampad,"Ampad Phone Message Book, Recycled, 400 Message Capacity, 5 ¾” x 11”"
Fellowes,Fellowes Bankers Box Stor/Drawer Steel Plus
Other,"Performers Binder/Pad Holder, Black"
Office Star,Office Star Flex Back Scooter Chair with White Frame
Logitech,Logitech G13 Programmable Gameboard with LCD Display
Panasonic,Panasonic KP-380BK Classic Electric Pencil Sharpener
Memorex,Memorex Froggy Flash Drive 4 GB
Maxell,"Maxell 74 Minute CD-R Spindle, 50/Pack"
Other,Geemarc AmpliPOWER60
Avery,Avery 48
Avery,Avery Arch Ring Binders
Xerox,Xerox 1915
Avery,Avery Reinforcements for Hole-Punch Pages
Other,Colorific Watercolor Pencils
BIC,BIC Liqua Brite Liner
ACCOHIDE,"ACCOHIDE 3-Ring Binder, Blue, 1"""
Xerox,Xerox 1973
GBC,GBC Binding covers
Sauder,Sauder Cornerstone Collection Library
Westinghouse,"Westinghouse Floor Lamp with Metal Mesh Shade, Black"
Other,Blue Parrot B250XT Professional Grade Wireless Bluetooth Headset with
Belkin,Belkin 6 Outlet Metallic Surge Strip
Hon,Hon Valutask Swivel Chairs
Avery,Avery 517
Avery,Avery 477
Eureka,"Eureka Recycled Copy Paper 8 1/2"" x 11"", Ream"
Seth Thomas,"Seth Thomas 12"" Clock w/ Goldtone Case"
Memorex,Memorex Froggy Flash Drive 8 GB
Acco,Acco 6 Outlet Guardian Premium Surge Suppressor
Other,Avoid Verbal Orders Carbonless Minifold Book
Fellowes,Fellowes Presentation Covers for Comb Binding Machines
Panasonic,Panasonic KP-310 Heavy-Duty Electric Pencil Sharpener
Holmes,"Holmes Cool Mist Humidifier for the Whole House with 8-Gallon Output per Day, Extended Life Filter"
SAFCO,"SAFCO Commercial Wire Shelving, Black"
Tensor,Tensor Computer Mounted Lamp
Polycom,Polycom SoundPoint IP 450 VoIP phone
REDIFORM,"Rediform S.O.S. 1-Up Phone Message Bk, 4-1/4x3-1/16 Bk, 1 Form/Pg, 40 Messages/Bk, 3/Pk"
Cisco,Cisco CP-7937G Unified IP Conference Station Phone
Boston,Boston 16701 Slimline Battery Pencil Sharpener
Avery,Avery 494
Other,"Memo Book, 100 Message Capacity, 5 3/8” x 11”"
Newell,Newell 35
Wilson Jones,Wilson Jones 14 Line Acrylic Coated Pressboard Data Binders
Avery,Avery Non-Stick Heavy Duty View Round Locking Ring Binders
Other,Hanging Personal Folder File
Xerox,Xerox 1909
Other,"Leather Task Chair, Black"
Other,"It's Hot Message Books with Stickers, 2 3/4"" x 5"""
Other,Digium D40 VoIP phone
Other,DYMO CardScan Personal V9 Business Card Scanner
Other,Case Logic 2.4GHz Wireless Keyboard
Logitech,Logitech Desktop MK120 Mouse and keyboard Combo
Pressboard,"Pressboard Data Binder, Crimson, 12"" X 8 1/2"""
Lesro,"Lesro Round Back Collection Coffee Table, End Table"
Hoover,Hoover WindTunnel Plus Canister Vacuum
Xerox,Xerox 1934
Newell,Newell 329
Panasonic,Panasonic KX T7731-B Digital phone
SAFCO,"Safco Wire Cube Shelving System, For Use as 4 or 5 14"" Cubes, Black"
Other,White Computer Printout Paper by Universal
Other,Revere Boxed Rubber Bands by Revere
Eldon,"Eldon 200 Class Desk Accessories, Black"
Other,Ames Color-File Green Diamond Border X-ray Mailers
Bevis,"Bevis Oval Conference Table, Walnut"
Hon,Hon 61000 Series Interactive Training Tables
Acco,"Acco PRESSTEX Data Binder with Storage Hooks, Light Blue, 9 1/2"" X 11"""
Xerox,Xerox 217
Bush,"Bush Andora Conference Table, Maple/Graphite Gray Finish"
Xerox,Xerox 189
Panasonic,Panasonic KP-150 Electric Pencil Sharpener
GBC,GBC Recycled Regency Composition Covers
DAX,"DAX Executive Solid Wood Document Frame, Desktop or Hang, Mahogany, 5 x 7"
Other,ShoreTel ShorePhone IP 230 VoIP phone
Other,Petty Cash Envelope
3M,3M Replacement Filter for Office Air Cleaner for 20' x 33' Room
Samsung,Samsung Rugby III
Acco,"Acco Four Pocket Poly Ring Binder with Label Holder, Smoke, 1"""
Other,Canvas Sectional Post Binders
Strathmore,Strathmore Photo Mount Cards
Xerox,Xerox 203
Plantronics,Plantronics Audio 995 Wireless Stereo Headset
Xerox,Xerox 1948
Global,Global Super Steno Chair
OtterBox,OtterBox Defender Series Case - Samsung Galaxy S4
Wilson Jones,Wilson Jones Suede Grain Vinyl Binders
OtterBox,OtterBox Defender Series Case - iPhone 5c
Wilson Jones,Wilson Jones DublLock D-Ring Binders
Other,Surelock Post Binders
Hewlett-Packard,Hewlett-Packard Deskjet 3050a All-in-One Color Inkjet Printer
Ibico,Ibico Plastic Spiral Binding Combs
Iceberg,"Iceberg OfficeWorks 42"" Round Tables"
DAX,DAX Wood Document Frame
Wilson Jones,Wilson Jones Heavy-Duty Casebound Ring Binders with Metal Hinges
Global,Global Executive Mid-Back Manager's Chair
Xerox,Xerox 1946
Newell,Newell 320
Eldon,"Eldon Image Series Desk Accessories, Burgundy"
Newell,Newell 340
Avery,Avery 506
Xerox,Xerox 192
HP,HP Office Recycled Paper (20Lb. and 87 Bright)
Other,X-Rack File for Hanging Folders
Xerox,Xerox 199
WD My Passport,WD My Passport Ultra 500GB Portable External Hard Drive
Cisco,Cisco IP Phone 7961G-GE VoIP phone
Logitech,Logitech Trackman Marble Mouse
Adams,"Adams Telephone Message Book W/Dividers/Space For Phone Numbers, 5 1/4""X8 1/2"", 300/Messages"
Acco,Acco Perma 3000 Stacking Storage Drawers
Xerox,Xerox 197
Other,"iKross Bluetooth Portable Keyboard + Cell Phone Stand Holder + Brush for Apple iPhone 5S 5C 5, 4S 4"
Hon,Hon 2111 Invitation Series Corner Table
Lexmark,Lexmark X 9575 Professional All-in-One Color Printer
Ibico,Ibico Covers for Plastic or Wire Binding Elements
Newell,Newell 325
Xerox,Xerox 1970
Other,12 Colored Short Pencils
Master Caster,"Master Caster Door Stop, Large Neon Orange"
Other,Rubber Band Ball
Other,Loose Memo Sheets
Xerox,Xerox 1988
Other,"Neat Ideas Personal Hanging Folder Files, Black"
Belkin,Belkin OmniView SE Rackmount Kit
Rogers,"Rogers Jumbo File, Granite"
Other,"Commercial WindTunnel Clean Air Upright Vacuum, Replacement Belts, Filtration Bags"
Tenex,"Tenex Personal Self-Stacking Standard File Box, Black/Gray"
Hoover,Hoover Commercial Soft Guard Upright Vacuum And Disposable Filtration Bags
Avery,Avery 481
Newell,Newell 310
Newell,Newell 319
Avery,Avery 518
Other,Sensible Storage WireTech Storage Systems
Kingston,Kingston Digital DataTraveler 16GB USB 2.0
GBC,GBC Imprintable Covers
Newell,Newell 347
Other,Pastel Pink Envelopes
Belkin,Belkin F8E887 USB Wired Ergonomic Keyboard
Other,ARKON Windshield Dashboard Air Vent Car Mount Holder
Xerox,Xerox 1949
Other,"Conquest 14 Commercial Heavy-Duty Upright Vacuum, Collection System, Accessory Kit"
Xerox,Xerox 1886
Acco,"Acco Clips to Go Binder Clips, 24 Clips in Two Sizes"
Dixon,"Dixon Ticonderoga Erasable Colored Pencil Set, 12-Color"
Pyle,Pyle PRT45 Retro Home Telephone
Adams,Spiral Phone Message Books with Labels by Adams
Sauder,Sauder Inglewood Library Bookcases
Xerox,Xerox 1901
Acme,Acme Elite Stainless Steel Scissors
Tenex,"Tenex 46"" x 60"" Computer Anti-Static Chairmat, Rectangular Shaped"
Prang,Prang Drawing Pencil Set
Boston,"BOSTON Ranger #55 Pencil Sharpener, Black"
Newell,Newell 307
Panasonic,Panasonic KP-4ABK Battery-Operated Pencil Sharpener
Avery,Avery Binder Labels
Other,VTech DS6151
Other,V7 USB Numeric Keypad
Other,Peel-Off China Markers
Acco,Acco Perma 2700 Stacking Storage Drawers
Wirebound,"Wirebound Message Books, Four 2 3/4 x 5 White Forms per Page"
GE,"GE 48"" Fluorescent Tube, Cool White Energy Saver, 34 Watts, 30/Box"
Micro Innovations,Micro Innovations USB RF Wireless Keyboard with Mouse
Plantronics,Plantronics Savi W720 Multi-Device Wireless Headset System
Other,"Stacking Tray, Side-Loading, Legal, Smoke"
Smead,Smead Adjustable Mobile File Trolley with Lockable Top
Jawbone,Jawbone MINI JAMBOX Wireless Bluetooth Speaker
Other,Weyerhaeuser First Choice Laser/Copy Paper (20Lb. and 88 Bright)
Canon,Canon PC940 Copier
Other,Multicolor Computer Printout Paper
Other,"Brites Rubber Bands, 1 1/2 oz. Box"
Other,Catalog Binders with Expanding Posts
Grandstream,Grandstream GXP2100 Mainstream Business Phone
Xerox,Xerox 1940
Xerox,Xerox 1986
OIC,Binder Clips by OIC
Wilson Jones,"Wilson Jones 1"" Hanging DublLock Ring Binders"
RCA,RCA Visys Integrated PBX 8-Line Router
GBC,GBC VeloBind Cover Sets
Other,Colored Push Pins
Logitech,Logitech G105 Gaming Keyboard
Xerox,Xerox 1925
Other,QVS USB Car Charger 2-Port 2.1Amp for iPod/iPhone/iPad/iPad 2/iPad 3
DAX,DAX Natural Wood-Tone Poster Frame
Other,StarTech.com 10/100 VDSL2 Ethernet Extender Kit
Acco,"Acco Smartsocket Table Surge Protector, 6 Color-Coded Adapter Outlets"
GBC,GBC ProClick Spines for 32-Hole Punch
Memorex,Memorex Mini Travel Drive 4 GB USB 2.0 Flash Drive
Memorex,Memorex Micro Travel Drive 16 GB
Avery,Avery 497
Avery,Avery 500
Other,"""While you Were Out"" Message Book, One Form per Page"
REDIFORM,Rediform Voice Mail Log Books
O'Sullivan,O'Sullivan Manor Hill 2-Door Library in Brianna Oak
Nu-Dell,Nu-Dell Float Frame 11 x 14 1/2
Logitech,Logitech G600 MMO Gaming Mouse
Sauder,"Sauder Facets Collection Library, Sky Alder Finish"
Avanti,Avanti 4.4 Cu. Ft. Refrigerator
Hoover,Hoover Replacement Belt for Commercial Guardsman Heavy-Duty Upright Vacuum
Fellowes,Fellowes Advanced 8 Outlet Surge Suppressor with Phone/Fax Protection
SAFCO,"SAFCO PlanMaster Heigh-Adjustable Drafting Table Base, 43w x 30d x 30-37h, Black"
Other,White GlueTop Scratch Pads
Holmes,Holmes HEPA Air Purifier
Other,"TRENDnet 56K USB 2.0 Phone, Internet and Fax Modem"
Xerox,Xerox 231
Hon,Hon 2111 Invitation Series Straight Table
Xerox,Xerox 1962
Other,Wilson Electronics DB Pro Signal Booster
Sauder,"Sauder Camden County Barrister Bookcase, Planked Cherry Finish"
DXL,"DXL Angle-View Binders with Locking Rings, Black"
Sauder,"Sauder Camden County Collection Libraries, Planked Cherry Finish"
Advantus,Advantus Panel Wall Certificate Holder - 8.5x11
Avery,Avery 478
Acco,"Acco Data Flex Cable Posts For Top & Bottom Load Binders, 6"" Capacity"
Other,Recycled Steel Personal File for Standard File Folders
Other,Blackstonian Pencils
Xerox,Xerox 1919
TOPS,Tops Wirebound Message Log Books
AT&T,AT&T CL82213
Maxell,Maxell LTO Ultrium - 800 GB
Office Star,Office Star - Professional Matrix Back Chair with 2-to-1 Synchro Tilt and Mesh Fabric Seat
Hunt,"Hunt BOSTON Vista Battery-Operated Pencil Sharpener, Black"
Other,GE 30522EE2
Other,"Ink Jet Note and Greeting Cards, 8-1/2"" x 5-1/2"" Card Size"
Logitech,Logitech Wireless Marathon Mouse M705
Other,Mediabridge Sport Armband iPhone 5s
DAX,DAX Cubicle Frames - 8x10
Xerox,Xerox 1929
Avery,Avery 501
Avery,Avery 513
Harmony,Harmony Air Purifier
Electrix,"Electrix Incandescent Magnifying Lamp, Black"
Honeywell,Honeywell Enviracaire Portable Air Cleaner for up to 8 x 10 Room
Global,"Global Stack Chair with Arms, Black"
Xerox,Xerox 206
Seth Thomas,"Seth Thomas 14"" Day/Date Wall Clock"
Samsung,Samsung Galaxy S4 Mini
Apple,Apple iPhone 5
Polycom,Polycom VVX 310 VoIP phone
Other,Bady BDG101FRU Card Printer
Xerox,Xerox 1998
Honeywell,Honeywell Quietcare HEPA Air Cleaner
Hon,Hon Olson Stacker Stools
Dana,"Dana Fluorescent Magnifying Lamp, White, 36"""
Other,Flat Face Poster Frame
Other,"Multi-Use Personal File Cart and Caster Set, Three Stacking Bins"
Xerox,Xerox 1981
TOPS,Tops White Computer Printout Paper
Wilson Jones,"Wilson Jones Elliptical Ring 3 1/2"" Capacity Binders, 800 sheets"
Other,Classic Ivory Antique Telephone ZL1810
Sauder,"Sauder Forest Hills Library with Doors, Woodland Oak Finish"
Executive Impressions,"Executive Impressions 8-1/2"" Career Panel/Partition Cubicle Clock"
Jabra,Jabra SPEAK 410 Multidevice Speakerphone
Xerox,Xerox 211
Tennsco,Tennsco Industrial Shelving
Newell,Newell 334
Hon,"Hon 30"" x 60"" Table with Locking Drawer"
SAFCO,Safco Drafting Table
Avery,Avery 510
Ultra,Ultra Door Pull Handle
Avery,Avery Hi-Liter Fluorescent Desk Style Markers
Other,"IBM Multi-Purpose Copy Paper, 8 1/2 x 11"", Case"
Newell,Newell 309
GBC,GBC DocuBind TL300 Electric Binding System
Other,Jiffy Padded Mailers with Self-Seal Closure
GBC,GBC DocuBind 200 Manual Binding Machine
Other,"SKILCRAFT Telephone Shoulder Rest, 2"" x 6.5"" x 2.5"", Black"
Global,Global Comet Stacking Armless Chair
Pressboard,Pressboard Hanging Data Binders for Unburst Sheets
Other,Hand-Finished Solid Wood Document Frame
DAX,"DAX Charcoal/Nickel-Tone Document Frame, 5 x 7"
Xerox,Xerox 1891
Hewlett-Packard,Hewlett-Packard Deskjet 5550 Printer
Avery,Avery 474
Panasonic,Panasonic KX T7736-B Digital phone
GBC,GBC DocuBind TL200 Manual Binding Machine
Global,Global Commerce Series Low-Back Swivel/Tilt Chairs
Cisco,Cisco SPA 502G IP Phone
Avaya,Avaya 4621SW VoIP phone
Xerox,Xerox 214
Motorola,Motorola Moto X
O'Sullivan,O'Sullivan 2-Shelf Heavy-Duty Bookcases
Enermax,Enermax Briskie RF Wireless Keyboard and Mouse Combo
GBC,GBC Twin Loop Wire Binding Elements
Other,"Perma STOR-ALL Hanging File Box, 13 1/8""W x 12 1/4""D x 10 1/2""H"
BIC,BIC Brite Liner Grip Highlighters
WD My Passport,WD My Passport Ultra 2TB Portable External Hard Drive
Holmes,"Holmes Replacement Filter for HEPA Air Cleaner, Medium Room"
Imation,Imation Clip USB flash drive - 8 GB
Newell,Newell 3-Hole Punched Plastic Slotted Magazine Holders for Binders
Acco,Acco 6 Outlet Guardian Standard Surge Suppressor
Acme,"Acme Hot Forged Carbon Steel Scissors with Nickel-Plated Handles, 3 7/8"" Cut, 8""L"
Avery,Avery Heavy-Duty EZD View Binder with Locking Rings
Belkin,Belkin Standard 104 key USB Keyboard
Avaya,Avaya IP Phone 1140E VoIP phone
Global,"Global Wood Trimmed Manager's Task Chair, Khaki"
Newell,Newell 321
Jabra,Jabra Supreme Plus Driver Edition Headset
Other,Binder Posts
Bevis,Bevis Round Conference Table Top & Single Column Base
Xerox,Xerox 1978
Eldon,"Eldon Spacemaker Box, Quick-Snap Lid, Clear"
Other,Plymouth Boxed Rubber Bands by Plymouth
Other,3.6 Cubic Foot Counter Height Office Refrigerator
O'Sullivan,"O'Sullivan Elevations Bookcase, Cherry Finish"
Eldon,Eldon ProFile File 'N Store Portable File Tub Letter/Legal Size Black
Southworth,Southworth Parchment Paper & Envelopes
Tennsco,"Tennsco Lockers, Sand"
Xerox,Xerox 1922
GBC,GBC Personal VeloBind Strips
Novimex,Novimex Fabric Task Chair
Other,"Master Big Foot Doorstop, Beige"
Microsoft,Microsoft Wireless Mobile Mouse 4000
Other,"Letter/Legal File Tote with Clear Snap-On Lid, Black Granite"
Avery,"Avery Framed View Binder, EZD Ring (Locking), Navy, 1 1/2"""
Xerox,Xerox 1952
Fellowes,"Fellowes Twister Kit, Gray/Clear, 3/pkg"
Plantronics,Plantronics Audio 478 Stereo USB Headset
Hon,Hon 94000 Series Round Tables
Anker,Anker Ultra-Slim Mini Bluetooth 3.0 Wireless Keyboard
Plantronics,"Plantronics CS 50-USB - headset - Convertible, Monaural"
Other,Computer Printout Paper with Letter-Trim Perforations
Avery,Avery 52
OIC,Translucent Push Pins by OIC
Avery,Avery 507
Newell,Newell 349
GBC,GBC DocuBind P50 Personal Binding Machine
Boston,Boston KS Multi-Size Manual Pencil Sharpener
Tennsco,Tennsco 6- and 18-Compartment Lockers
Xerox,Xerox 1888
Newell,Newell 308
Polycom,Polycom SoundStation2 EX Conference phone
Other,Mobile Personal File Cube
DMI,DMI Eclipse Executive Suite Bookcases
Other,Quality Park Security Envelopes
Belkin,"Belkin SportFit Armband For iPhone 5s/5c, Fuchsia"
Other,"DataProducts Ampli Magnifier Task Lamp, Black,"
Acco,Acco 6 Outlet Guardian Basic Surge Suppressor
Sanford,"Sanford Colorific Scented Colored Pencils, 12/Pack"
Message Book,"Message Book, Phone, Wirebound Standard Line Memo, 2 3/4"" X 5"""
Motorola,Motorla HX550 Universal Bluetooth Headset
Eldon,"Eldon Expressions Wood Desk Accessories, Oak"
Acme,Acme Office Executive Series Stainless Steel Trimmers
Chromcraft,"Chromcraft Bull-Nose Wood 48"" x 96"" Rectangular Conference Tables"
Other,Spigen Samsung Galaxy S5 Case Wallet
Newell,Newell 33
Panasonic,Panasonic KP-350BK Electric Pencil Sharpener with Auto Stop
Array,Array Memo Cubes
Wilson Jones,Wilson Jones data.warehouse D-Ring Binders with DublLock
Xerox,Xerox 1982
Hon,Hon Mobius Operator's Chair
Fellowes,Fellowes Mighty 8 Compact Surge Protector
Harmony,Harmony HEPA Quiet Air Purifiers
Howard Miller,"Howard Miller 16"" Diameter Gallery Wall Clock"
Eldon,"Eldon Executive Woodline II Desk Accessories, Mahogany"
Boston,"Boston Model 1800 Electric Pencil Sharpener, Gray"
Polycom,Polycom SoundPoint Pro SE-225 Corded phone
Euro Pro,Euro-Pro Shark Turbo Vacuum
Other,"Metal Folding Chairs, Beige, 4/Carton"
Other,Nontoxic Chalk
Xerox,Xerox 1991
Atlantic,"Atlantic Metals Mobile 2-Shelf Bookcases, Custom Colors"
Fellowes,Fellowes Advanced Computer Series Surge Protectors
Other,Recycled Steel Personal File for Hanging File Folders
HTC,HTC One
Other,Manco Dry-Lighter Erasable Highlighter
Fiskars,Fiskars Home & Office Scissors
Eldon,Eldon Cleatmat Chair Mats for Medium Pile Carpets
Avery,Avery Self-Adhesive Photo Pockets for Polaroid Photos
Xerox,Xerox 1959
Kensington,Kensington 6 Outlet MasterPiece HOMEOFFICE Power Control Center
Xerox,Xerox 22
Other,Wi-Ex zBoost YX540 Cellular Phone Signal Booster
Wirebound,"Wirebound Message Books, Four 2 3/4"" x 5"" Forms per Page, 600 Sets per Book"
Logitech,Logitech diNovo Edge Keyboard
Xerox,Xerox 1989
Xerox,Xerox 1984
Xerox,Xerox 227
Fellowes,Fellowes Bases and Tops For Staxonsteel/High-Stak Systems
Deflect-o,Deflect-o Glass Clear Studded Chair Mats
Canon,Canon PC1060 Personal Laser Copier
Bevis,Bevis Round Conference Room Tables and Bases
Xerox,Xerox 1965
Bionaire,Bionaire 99.97% HEPA Air Cleaner
Eureka,"Eureka Sanitaire  Multi-Pro Heavy-Duty Upright, Disposable Bags"
Balt,Balt Solid Wood Round Tables
Plantronics,Plantronics MX500i Earset
Logitech,Logitech G35 7.1-Channel Surround Sound Headset
Imation,Imation Secure Drive + Hardware Encrypted USB flash drive - 16 GB
Other,Wausau Papers Astrobrights Colored Envelopes
Tenex,Tenex Antistatic Computer Chair Mats
REDIFORM,"REDIFORM Incoming/Outgoing Call Register, 11"" X 8 1/2"", 100 Messages"
Tripp Lite,Tripp Lite Isotel 6 Outlet Surge Protector with Fax/Modem Protection
Xerox,Xerox 1994
Nu-Dell,Nu-Dell Executive Frame
Belkin,Belkin 5 Outlet SurgeMaster Power Centers
TOPS,"TOPS Carbonless Receipt Book, Four 2-3/4 x 7-1/4 Money Receipts per Page"
Other,Insertable Tab Indexes For Data Binders
Other,Satellite Sectional Post Binders
Memorex,Memorex Micro Travel Drive 32 GB
Lexmark,Lexmark S315 Color Inkjet Printer
Xerox,Xerox 1926
Xerox,Xerox 1918
Other,SpineVue Locking Slant-D Ring Binders by Cardinal
Eureka,"Eureka The Boss Lite 10-Amp Upright Vacuum, Blue"
Global,"Global Leather & Oak Executive Chair, Burgundy"
Other,"Rubbermaid ClusterMat Chairmats, Mat Size- 66"" x 60"", Lip 20"" x 11"" -90 Degree Angle"
Dixon,"Dixon Ticonderoga Maple Cedar Pencil, #2"
Acco,Acco Hot Clips Clips to Go
Acme,Acme Kleencut Forged Steel Scissors
Xerox,Xerox 1951
DAX,DAX Solid Wood Frames
Acco,Acco Smartsocket Color-Coded Six-Outlet AC Adapter Model Surge Protectors
Clearsounds,Clearsounds A400
Hewlett-Packard,Hewlett Packard 310 Color Digital Copier
Other,Recycled Premium Regency Composition Covers
Xerox,Xerox 219
Xerox,Xerox 1903
Logitech,Logitech VX Revolution Cordless Laser Mouse for Notebooks (Black)
O'Sullivan,O'Sullivan Plantations 2-Door Library in Landvery Oak
Panasonic,Panasonic KX-TG9541B DECT 6.0 Digital 2-Line Expandable Cordless Phone With Digital Answering System
Panasonic,Panasonic KX MB2061 Multifunction Printer
Razer,Razer Kraken 7.1 Surround Sound Over Ear USB Gaming Headset
Hon,Hon Rectangular Conference Tables
Other,Computer Printout Index Tabs
GBC,GBC Wire Binding Combs
Iceberg,"Iceberg Nesting Folding Chair, 19w x 6d x 43h"
Honeywell,Honeywell Enviracaire Portable HEPA Air Cleaner for 16' x 20' Room
Bevis,Bevis Rectangular Conference Tables
Ampad,Ampad #10 Peel & Seel Holiday Envelopes
Cardinal,Cardinal Holdit Data Disk Pockets
Avery,Avery 496
Other,"Black Print Carbonless Snap-Off Rapid Letter, 8 1/2"" x 7"""
Xerox,Xerox 23
Eldon,Eldon Pizzaz Desk Accessories
Sauder,"Sauder Forest Hills Library, Woodland Oak Finish"
Global,Global Deluxe High-Back Office Chair in Storm
Kensington,Kensington K72356US Mouse-in-a-Box USB Desktop Mouse
Avery,Avery 50
Fiskars,Fiskars Spring-Action Scissors
Anker,Anker 24W Portable Micro USB Car Charger
SAFCO,"SAFCO Mobile Desk Side File, Wire Frame"
Newell,Newell 313
Jawbone,Jawbone JAMBOX Wireless Bluetooth Speaker
Xerox,Xerox 1895
Other,"#10 White Business Envelopes,4 1/8 x 9 1/2"
Other,High Speed Automatic Electric Letter Opener
Belkin,Belkin 8 Outlet Surge Protector
Panasonic,Panasonic KX TS3282B Corded phone
Tennsco,"Tennsco Snap-Together Open Shelving Units, Starter Sets and Add-On Units"
Avery,Avery 49
Hoover,Hoover Upright Vacuum With Dirt Cup
Maxell,Maxell 4.7GB DVD-RW 3/Pack
Nortel,Nortel Meridian M5316 Digital phone
Bush,"Bush Westfield Collection Bookcases, Dark Cherry Finish"
3M,"3M Polarizing Task Lamp with Clamp Arm, Light Gray"
HTC,HTC One Mini
Other,Dell Slim USB Multimedia Keyboard
Other,Contemporary Wood/Metal Frame
O'Sullivan,O'Sullivan Living Dimensions 3-Shelf Bookcases
KeyTronic,KeyTronic KT800P2 - Keyboard - Black
GBC,GBC Standard Plastic Binding Systems' Combs
Other,Holmes Harmony HEPA Air Purifier for 17 x 20 Room
GE,"GE General Use Halogen Bulbs, 100 Watts, 1 Bulb per Pack"
Other,Macally Suction Cup Mount
Eldon,Eldon Image Series Black Desk Accessories
Executive Impressions,"Executive Impressions 14"""
Executive Impressions,"Executive Impressions 12"" Wall Clock"
Bretford,Bretford CR8500 Series Meeting Room Furniture
Plantronics,Plantronics Calisto P620-M USB Wireless Speakerphone System
Hammermil,Hammermill CopyPlus Copy Paper (20Lb. and 84 Bright)
Panasonic,Panasonic KX MC6040 Color Laser Multifunction Printer
Berol,Berol Giant Pencil Sharpener
KeyTronic,KeyTronic KT400U2 - Keyboard - Black
Avery,Avery 498
Canon,Canon imageCLASS 2200 Advanced Copier
Epson,Epson TM-T88V Direct Thermal Printer - Monochrome - Desktop
ACCOHIDE,Accohide Poly Flexible Ring Binders
SAFCO,SAFCO Optional Arm Kit for Workspace Cribbage Stacking Chair
Other,Stackable Trays
TOPS,"TOPS Voice Message Log Book, Flash Format"
Boston,Boston 1730 StandUp Electric Pencil Sharpener
Executive Impressions,"Executive Impressions 13"" Clairmont Wall Clock"
GBC,"GBC Laser Imprintable Binding System Covers, Desert Sand"
Xerox,Xerox 2000
Other,Green Bar Computer Printout Paper
Global,"Global Adaptabilites Bookcase, Cherry/Storm Gray Finish"
GBC,"GBC Pre-Punched Binding Paper, Plastic, White, 8-1/2"" x 11"""
Other,Google Nexus 5
Global,Global Italian Leather Office Chair
Advantus,Advantus Motivational Note Cards
Avery,"Avery Flip-Chart Easel Binder, Black"
Other,I.R.I.S IRISCard Anywhere 5 Card Scanner
Ativa,"Ativa D5772 2-Line 5.8GHz Digital Expandable Corded/Cordless Phone System with Answering & Caller ID/Call Waiting, Black/Silver"
Ibico,Ibico Presentation Index for Binding Systems
Adams,"Adams ""While You Were Out"" Message Pads"
Wirebound,"Wirebound Four 2-3/4 x 5 Forms per Page, 400 Sets per Book"
AT&T,AT&T 17929 Lendline Telephone
Hewlett-Packard,Hewlett-Packard Deskjet 6540 Color Inkjet Printer
Cisco,Cisco TelePresence System EX90 Videoconferencing Unit
Avery,Avery Fluorescent Highlighter Four-Color Set
Xerox,Xerox 1944
Xerox,Xerox 215
Xerox,Xerox 1885
Other,"Computer Room Manger, 14"""
AT&T,AT&T CL2909
Plantronics,Plantronics Voyager Pro HD - Bluetooth Headset
AT&T,AT&T EL51110 DECT
Other,BlackBerry Q10
Other,Compact Automatic Electric Letter Opener
SanDisk,SanDisk Ultra 16 GB MicroSDHC Class 10 Memory Card
SanDisk,SanDisk Cruzer 8 GB USB Flash Drive
Hon,"Hon Deluxe Fabric Upholstered Stacking Chairs, Squared Back"
Advantus,Advantus Rolling Drawer Organizers
Maxell,Maxell 4.7GB DVD-R 5/Pack
GBC,GBC Plasticlear Binding Covers
Other,Plastic Stacking Crates & Casters
Belkin,Belkin F9M820V08 8 Outlet Surge
Other,APC 7 Outlet Network SurgeArrest Surge Protector
Maxell,Maxell 4.7GB DVD+R 5/Pack
Anker,Anker Astro Mini 3000mAh Ultra-Compact Portable Charger
Advantus,Advantus Map Pennant Flags and Round Head Tacks
Xerox,Xerox 1953
Xerox,Xerox 228
Advantus,"Advantus Employee of the Month Certificate Frame, 11 x 13-1/2"
Xerox,Xerox 1954
Other,Embossed Ink Jet Note Cards
Xerox,Xerox 1942
Carina,"Carina Mini System Audio Rack, Model AR050B"
Xerox,Xerox 201
Eldon,"Eldon Expressions Punched Metal & Wood Desk Accessories, Black & Cherry"
GE,"GE 4 Foot Flourescent Tube, 40 Watt"
Nokia,Nokia Lumia 925
Dana,Dana Swing-Arm Lamps
Wirebound,"Wirebound Message Books, Four 2 3/4 x 5 Forms per Page, 200 Sets per Book"
Xerox,Xerox 1969
Eldon,"Eldon 200 Class Desk Accessories, Smoke"
Other,"Dual Level, Single-Width Filing Carts"
Xerox 1971,Xerox 1971
Boston,Boston 16750 Black Compact Battery Pencil Sharpener
Other,"Eberhard Faber 3 1/2"" Golf Pencils"
Tenex,"Tenex Carpeted, Granite-Look or Clear Contemporary Contour Shape Chair Mats"
Global,Global Highback Leather Tilter in Burgundy
Executive Impressions,"Executive Impressions 13-1/2"" Indoor/Outdoor Wall Clock"
Eldon,"Eldon 400 Class Desk Accessories, Black Carbon"
Wilson Jones,"Wilson Jones Clip & Carry Folder Binder Tool for Ring Binders, Clear"
Other,Harbour Creations 67200 Series Stacking Chairs
Tenex,"Tenex V2T-RE Standard Weight Series Chair Mat, 45"" x 53"", Lip 25"" x 12"""
Samsung,Samsung Galaxy Mega 6.3
DAX,"DAX Two-Tone Rosewood/Black Document Frame, Desktop, 5 x 7"
Xerox,Xerox 198
SAFCO,"Safco Chair Connectors, 6/Carton"
Xerox,Xerox 1997
Eldon,Eldon Expressions Mahogany Wood Desk Collection
Other,VariCap6 Expandable Binder
Other,Stacking Trays by OIC
Epson,Epson Perfection V600 Photo Scanner
Other,Durable Pressboard Binders
Kensington,Kensington 7 Outlet MasterPiece Power Center with Fax/Phone Line Protection
Alliance,Alliance Rubber Bands
Other,"SlimView Poly Binder, 3/8"""
Boston,"Boston Electric Pencil Sharpener, Model 1818, Charcoal Black"
DAX,DAX Clear Channel Poster Frame
Other,#10 Self-Seal White Envelopes
Hon,Hon Pagoda Stacking Chairs
Newell,Newell 339
Other,36X48 HARDFLOOR CHAIRMAT
Other,Anderson Hickey Conga Table Tops & Accessories
Apple,Apple EarPods with Remote and Mic
Other,"Perixx PERIBOARD-512B, Ergonomic Split Keyboard"
Logitech,Logitech Wireless Headset H600 Over-The-Head Design
Xerox,Xerox 230
Eldon,Eldon Econocleat Chair Mats for Low Pile Carpets
Other,Vtech CS6719
Xerox,Xerox 194
Bush,"Bush Cubix Collection Bookcases, Fully Assembled"
Universal,"Universal Recycled Hanging Pressboard Report Binders, Letter Size"
Xerox,Xerox 1980
Strathmore,Strathmore Photo Frame Cards
Okidata,Okidata C331dn Printer
Seth Thomas,"Seth Thomas 8 1/2"" Cubicle Clock"
Other,Aastra 6757i CT Wireless VoIP phone
Xerox,Xerox 1907
G. E.,G.E. Longer-Life Indoor Recessed Floodlight Bulbs
Panasonic,Panasonic KX TS3282W Corded phone
Global,"Global Leather and Oak Executive Chair, Black"
Cubify,Cubify CubeX 3D Printer Double Head Print
Ibico,Ibico Ibimaster 300 Manual Binding System
Wilson Jones,Wilson Jones Impact Binders
Newell,Newell 34
Polycom,Polycom CX300 Desktop Phone USB VoIP phone
Boston,Boston 1799 Powerhouse Electric Pencil Sharpener
Wilson Jones,Wilson Jones Four-Pocket Poly Binders
Sterilite,Sterilite Show Offs Storage Containers
Alliance,"Alliance Super-Size Bands, Assorted Sizes"
Other,"BlueLounge Milo Smartphone Stand, White/Metallic"
Avery,Avery White Multi-Purpose Labels
Logitech,Logitech G500s Laser Gaming Mouse with Adjustable Weight Tuning
Other,Letter or Legal Size Expandable Poly String Tie Envelopes
Other,Stiletto Hand Letter Openers
Tennsco,Tennsco Commercial Shelving
Samsung,Samsung HM1900 Bluetooth Headset
Cisco,Cisco SPA112 2 Port Phone Adapter
Other,Col-Erase Pencils with Erasers
Xerox,Xerox 221
Plantronics,Plantronics Encore H101 Dual Earpieces Headset
Other,Disposable Triple-Filter Dust Bags
Memorex,Memorex Mini Travel Drive 64 GB USB 2.0 Flash Drive
Fellowes,Fellowes Powershred HS-440 4-Sheet High Security Shredder
Motorola,Motorola Droid Maxx
Xerox,Xerox 1893
Kensington,Kensington Expert Mouse Optical USB Trackball for PC or Mac
Master Caster,"Master Caster Door Stop, Gray"
Tenex,Tenex Chairmats For Use with Hard Floors
Acco,"Acco Flexible ACCOHIDE Square Ring Data Binder, Dark Blue, 11 1/2"" X 14"" 7/8"""
Fellowes,Fellowes Command Center 5-outlet power strip
Rush,"Rush Hierlooms Collection 1"" Thick Stackable Bookcases"
Barricks,"Barricks 18"" x 48"" Non-Folding Utility Table with Bottom Storage Shelf"
Executive Impressions,"Executive Impressions 10"" Spectator Wall Clock"
Hon,"Hon Metal Bookcases, Putty"
Tenex,"Tenex Personal Filing Tote With Secure Closure Lid, Black/Frost"
Xerox,Xerox 1900
OIC,OIC Stacking Trays
Global,"Global Armless Task Chair, Royal Blue"
Eldon,Eldon Executive Woodline II Cherry Finish Desk Accessories
Message Book,"Message Book, Wirebound, Four 5 1/2"" X 4"" Forms/Pg., 200 Dupl. Sets/Book"
Tenex,"Tenex Traditional Chairmats for Hard Floors, Average Lip, 36"" x 48"""
Polycom,Polycom VoiceStation 500 Conference phone
Binney & Smith,"Binney & Smith inkTank Desk Highlighter, Chisel Tip, Yellow, 12/Box"
Other,"Speediset Carbonless Redi-Letter 7"" x 8 1/2"""
Xerox,Xerox 204
KeyTronic,KeyTronic E03601U1 - Keyboard - Beige
Imation,Imation Bio 2GB USB Flash Drive Imation Corp
Hon,"Hon Metal Bookcases, Black"
Bush,"Bush Birmingham Collection Bookcase, Dark Cherry"
AT&T,AT&T 1080 Phone
Avery,Avery Metallic Poly Binders
Ativa,Ativa MDM8000 8-Sheet Micro-Cut Shredder
Acco,Acco 6 Outlet Guardian Premium Plus Surge Suppressor
Smead,Smead Alpha-Z Color-Coded Name Labels First Letter Starter Set
Other,Ooma Telo VoIP Home Phone System
Other,"Telephone Message Books with Fax/Mobile Section, 4 1/4"" x 6"""
Xerox,Xerox 200
Okidata,Okidata MB491 Multifunction Printer
Akro,Akro Stacking Bins
Avery,"Avery Hi-Liter Comfort Grip Fluorescent Highlighter, Yellow Ink"
Other,Rosewill 107 Normal Keys USB Wired Standard Keyboard
Other,PayAnywhere Card Reader
Xerox,Xerox 1882
Memorex,"Memorex 25GB 6X Branded Blu-Ray Recordable Disc, 30/Pack"
Boston,Boston Home & Office Model 2000 Electric Pencil Sharpeners
Newell,Newell 31
Other,"Premium Transparent Presentation Covers, No Pattern/Clear, 8 1/2"" x 11"""
Xerox,Xerox 1966
Acme,Acme Kleen Earth Office Shears
Maxell,"Maxell Pro 80 Minute CD-R, 10/Pack"
Imation,Imation Swivel Flash Drive USB flash drive - 8 GB
Other,Acrylic Self-Standing Desk Frames
Other,"Elite 5"" Scissors"
Acco,Acco Side-Punched Conventional Columnar Pads
Avery,Avery 492
Other,Adjustable Personal File Tote
Avery,"Avery 05222 Permanent Self-Adhesive File Folder Labels for Typewriters, on Rolls, White, 250/Roll"
Other,Prismacolor Color Pencil Set
Sharp,Sharp 1540cs Digital Laser Copier
Eldon,"Eldon Regeneration Recycled Desk Accessories, Black"
Eldon,Eldon File Chest Portable File
Verbatim,"Verbatim Slim CD and DVD Storage Cases, 50/Pack"
Other,Letter Slitter
Samsung,Samsung Galaxy S4 Active
Office Star,Office Star - Mid Back Dual function Ergonomic High Back Chair with 2-Way Adjustable Arms
Acco,"Acco Banker's Clasps, 5 3/4""-Long"
Logitech,Logitech Wireless Anywhere Mouse MX for PC and Mac
Acco,Acco Economy Flexible Poly Round Ring Binder
Balt,Balt Split Level Computer Training Table
Dixon,Dixon Ticonderoga Core-Lock Colored Pencils
SAFCO,SAFCO Folding Chair Trolley
Office Star,"Office Star - Contemporary Task Swivel chair with Loop Arms, Charcoal"
Avery,Avery 515
TOPS,"TOPS 4 x 6 Fluorescent Color Memo Sheets, 500 Sheets per Pack"
Executive Impressions,"Executive Impressions 13"" Chairman Wall Clock"
Things To Do,Things To Do Today Spiral Book
Logitech,Logitech Illuminated Ultrathin Keyboard with Backlighting
Other,Serrated Blade or Curved Handle Hand Letter Openers
Ibico,Ibico EB-19 Dual Function Manual Binding System
Eldon,"Eldon 300 Class Desk Accessories, Black"
Logitech,Logitech G430 Surround Sound Gaming Headset with Dolby 7.1 Technology
Other,LG Exalt
GBC,GBC Poly Designer Binding Covers
Other,Economy #2 Pencils
Eldon,"Eldon ""L"" Workstation Diamond Chairmat"
DAX,"DAX Copper Panel Document Frame, 5 x 7 Size"
Maxell,"Maxell 74 Minute CDR, 10/Pack"
Micro Innovations,Micro Innovations Wireless Classic Keyboard with Mouse
Bush,"Bush Heritage Pine Collection 5-Shelf Bookcase, Albany Pine Finish, *Special Order"
LG,LG G3
Other,Riverleaf Stik-Withit Designer Note Cubes
HP,HP Office Paper (20Lb. and 87 Bright)
Binney & Smith,"Binney & Smith inkTank Erasable Pocket Highlighter, Chisel Tip, Yellow"
RCA,RCA ViSYS 25423RE1 Corded phone
3M,3M Polarizing Light Filter Sleeves
Newell,Newell 348
Xerox,Xerox 1928
Eldon,"Eldon Expressions Wood and Plastic Desk Accessories, Oak"
Other,Black & Decker Filter for Double Action Dustbuster Cordless Vac BLDV7210
Ultra,"Ultra Door Kickplate, 8""H x 34""W"
Boston,Boston 1900 Electric Pencil Sharpener
WD My Passport,WD My Passport Ultra 1TB Portable External Hard Drive
Canon,Canon PC170 Desktop Personal Copier
Memorex,"Memorex 25GB 6X Branded Blu-Ray Recordable Disc, 15/Pack"
Howard Miller,"Howard Miller 11-1/2"" Diameter Brentwood Wall Clock"
Xerox,Xerox 1890
Other,Jackery Bar Premium Fast-charging Portable Charger
Other,"Permanent Self-Adhesive File Folder Labels for Typewriters, 1 1/8 x 3 1/2, White"
Cisco,Cisco IP Phone 7961G VoIP phone - Dark gray
Hon,"Hon Metal Bookcases, Gray"
Ibico,Ibico EPK-21 Electric Binding System
Holmes,"Holmes Visible Mist Ultrasonic Humidifier with 2.3-Gallon Output per Day, Replacement Filter"
Rush,Rush Hierlooms Collection Rich Wood Bookcases
Kingston,Kingston Digital DataTraveler 8GB USB 2.0
Hewlett-Packard,"HP Designjet T520 Inkjet Large Format Printer - 24"" Color"
Newell,Newell 338
Global,Global Enterprise Series Seating High-Back Swivel/Tilt Chairs
O'Sullivan,O'Sullivan 5-Shelf Heavy-Duty Bookcases
Hammermil,Hammermill Color Copier Paper (28Lb. and 96 Bright)
Xerox,Xerox 1990
Xerox,Xerox 1933
Other,"Green Canvas Binder for 8-1/2"" x 14"" Sheets"
Other,Park Ridge Embossed Executive Business Envelopes
SAFCO,"Safco Value Mate Steel Bookcase, Baked Enamel Finish on Steel, Black"
Cisco,Cisco Desktop Collaboration Experience DX650 IP Video Phone
Howard Miller,Howard Miller 12-3/4 Diameter Accuwave DS  Wall Clock
Xerox,Xerox 1975
Newell,Newell 323
Boston,"Boston 1827 Commercial Additional Cutter, Drive Gear & Gear Rack for 1606"
Other,"Mead 1st Gear 2"" Zipper Binder, Asst. Colors"
3D Systems,"3D Systems Cube Printer, 2nd Generation, Magenta"
Avery,Avery 487
Hewlett-Packard,Hewlett-Packard Deskjet D4360 Printer
DAX,DAX Wood Document Frame.
Xerox,Xerox 208
Memorex,Memorex Micro Travel Drive 4 GB
Other,#6 3/4 Gummed Flap White Envelopes
DAX,DAX Two-Tone Silver Metal Document Frame
Avery,Avery 503
Holmes,Holmes 99% HEPA Air Purifier
O'Sullivan,O'Sullivan Cherrywood Estates Traditional Barrister Bookcase
Sanford,SANFORD Major Accent Highlighters
Hon,Hon 4-Shelf Metal Bookcases
Global,Global Adaptabilities Conference Tables
Newell,Newell 316
Fellowes,Fellowes Staxonsteel Drawer Files
Avery,Avery Hi-Liter Smear-Safe Highlighters
Other,"Inter-Office Recycled Envelopes, Brown Kraft, Button-String,10"" x 13"" , 100/Box"
Xerox,Xerox 1992
Riverside,Riverside Furniture Stanwyck Manor Table Series
Fellowes,Fellowes Recycled Storage Drawers
Xerox,Xerox 190
Xerox,Xerox 1892
Other,Seidio BD2-HK3IPH5-BK DILEX Case and Holster Combo for Apple iPhone 5/5s - Black
TOPS,"TOPS ""Important Message"" Pads, Canary, 4-1/4 x 5-1/2, 50 Sheets per Pad"
Other,"24 Capacity Maxi Data Binder Racks, Pearl"
Southworth,Southworth 25% Cotton Premium Laser Paper and Envelopes
Other,Multimedia Mailers
Avery,Avery 5
Other,Jensen SMPS-640 - speaker phone
Master Caster,"Master Caster Door Stop, Large Brown"
Fellowes,Fellowes Desktop Hanging File Manager
Xerox,Xerox 1956
Nu-Dell,Nu-Dell Oak Frame
GBC,GBC Therma-A-Bind 250T Electric Binding System
Other,Document Clip Frames
Hoover,"Hoover Replacement Belts For Soft Guard & Commercial Ltweight Upright Vacs, 2/Pk"
Xerox,Xerox 1937
DAX,"DAX Cubicle Frames, 8-1/2 x 11"
Sauder,Sauder Camden County Collection Library
Canon,Canon PC-428 Personal Copier
Office Star,Office Star - Ergonomic Mid Back Chair with 2-Way Adjustable Arms
Xerox,Xerox 1917
SanDisk,SanDisk Cruzer 16 GB USB Flash Drive
Imation,Imation 30456 USB Flash Drive 8GB
Panasonic,Panasonic KX TS208W Corded phone
Xerox,Xerox 19
SanDisk,SanDisk Cruzer 4 GB USB Flash Drive
Other,AmazonBasics 3-Button USB Wired Mouse
Other,14-7/8 x 11 Blue Bar Computer Printout Paper
Tyvek,"Tyvek Interoffice Envelopes, 9 1/2"" x 12 1/2"", 100/Box"
Other,Kleencut Forged Office Shears by Acme United Corporation
Avery,"Avery Triangle Shaped Sheet Lifters, Black, 2/Pack"
Logitech,Logitech Keyboard K120
Xerox,Xerox 1932
Dixon,Dixon Ticonderoga Pencils
DAX,"DAX Contemporary Wood Frame with Silver Metal Mat, Desktop, 11 x 14 Size"
Texas Instruments,Texas Instrument TI-15 Fraction Calculator
Deflect-o,"Deflect-o EconoMat Nonstudded, No Bevel Mat"
OIC,OIC Thumb-Tacks
Sanford,"Sanford EarthWrite Recycled Pencils, Medium Soft, #2"
Other,PNY Rapid USB Car Charger - Black
Hon,Hon Every-Day Chair Series Swivel Task Chairs
Other,"SmartStand Mobile Device Holder, Assorted Colors"
Belkin,Belkin 8-Outlet Premiere SurgeMaster II Surge Protectors
Euro Pro,Euro Pro Shark Stick Mini Vacuum
Other,Astroparche Fine Business Paper
Zebra,Zebra ZM400 Thermal Label Printer
Other,Letter Size File
Other,Dexim XPower Skin Super-Thin Power Case for iPhone 5 - Black
Samsung,Samsung Galaxy S4
Office Star,Office Star Flex Back Scooter Chair with Aluminum Finish Frame
Samsung,Samsung Convoy 3
Eldon,"Eldon Imàge Series Desk Accessories, Clear"
Avery,Avery 491
Xerox,Xerox 209
Peel & Seel,"Peel & Seel Recycled Catalog Envelopes, Brown"
Avanti,Avanti 1.7 Cu. Ft. Refrigerator
Acme,Acme Design Stainless Steel Bent Scissors
Barricks,"Barricks Non-Folding Utility Table with Steel Legs, Laminate Tops"
Hewlett-Packard,Hewlett-Packard 300S Scientific Calculator
Avery,Avery 495
iOttie,iOttie HLCRIO102 Car Mount
Avery,"Avery Hi-Liter GlideStik Fluorescent Highlighter, Yellow Ink"
Eldon,Eldon 500 Class Desk Accessories
Other,EcoTones Memo Sheets
Xerox,Xerox 1906
Texas Instruments,Texas Instruments TI-34 Scientific Calculator
Standard,Standard Line “While You Were Out” Hardbound Telephone Message Book
Kingston,Kingston Digital DataTraveler 64GB USB 2.0
GBC,GBC VeloBinder Strips
Xerox,Xerox 1963
Logitech,Logitech Z-906 Speaker sys - home theater - 5.1-CH
Sanyo,"Sanyo Counter Height Refrigerator with Crisper, 3.6 Cubic Foot, Stainless Steel/Black"
Luxo,Luxo Adjustable Task Clamp Lamp
Other,Unpadded Memo Slips
Other,Barrel Sharpener
Acco,Acco Glide Clips
Bush,"Bush Cubix Conference Tables, Fully Assembled"
Office Star,"Office Star - Contemporary Task Swivel chair with 2-way adjustable arms, Plum"
RCA,RCA H5401RE1 DECT 6.0 4-Line Cordless Handset With Caller ID/Call Waiting
SAFCO,"SAFCO PlanMaster Boards, 60w x 37-1/2d, White Melamine"
Xerox,Xerox 20
HP,"HP Officejet Pro 8600 e-All-In-One Printer, Copier, Scanner, Fax"
Other,"Black Print Carbonless 8 1/2"" x 8 1/4"" Rapid Memo Book"
Other,Lunatik TT5L-002 Taktik Strike Impact Protection System for iPhone 5
Iris,"Iris 3-Drawer Stacking Bin, Black"
Panasonic,Panasonic Business Telephones KX-T7736
Hunt,Hunt Boston Vacuum Mount KS Pencil Sharpener
Other,Portfile Personal File Boxes
Belkin,"Belkin 19"" Center-Weighted Shelf, Gray"
Hon,Hon Comfortask Task/Swivel Chairs
Other,"Career Cubicle Clock, 8 1/4"", Black"
Boston,Boston 16765 Mini Stand Up Battery Pencil Sharpener
Avery,Avery 475
Other,"Vtech AT&T CL2940 Corded Speakerphone, Black"
Tenex,Tenex B1-RE Series Chair Mats for Low Pile Carpets
Griffin,Griffin GC17055 Auxiliary Audio Cable
Rogers,Rogers Profile Extra Capacity Storage Tub
RCA,RCA ViSYS 25825 Wireless digital phone
Xerox,Xerox 1914
Xerox,Xerox 1902
Acme,Acme Titanium Bonded Scissors
Ibico,Ibico Recycled Linen-Style Covers
Xerox,Xerox 207
Socket,Socket Bluetooth Cordless Hand Scanner (CHS)
Okidata,Okidata B400 Printer
Logitech,"Logitech Wireless Boombox Speaker - portable - wireless, wired"
Other,Xiaomi Mi3
Xerox,Xerox 1947
Sony,Sony Micro Vault Click 4 GB USB 2.0 Flash Drive
Xerox,Xerox 193
iOttie,iOttie XL Car Mount
Hoover,Hoover Commercial Lightweight Upright Vacuum with E-Z Empty Dirt Cup
First Data,First Data TMFD35 PIN Pad
Ultra,Ultra Commercial Grade Dual Valve Door Closer
Other,Contemporary Borderless Frame
3D Systems,"3D Systems Cube Printer, 2nd Generation, White"
Panasonic,Panasonic KX - TS880B Telephone
Acco,"Acco Recycled 2"" Capacity Laser Printer Hanging Data Binders"
Xerox,Xerox 1936
Avery,Avery Legal 4-Ring Binder
Avaya,Avaya 5410 Digital phone
TOPS,"TOPS Money Receipt Book, Consecutively Numbered in Red,"
Other,Desktop 3-Pocket Hot File
Wirebound,Wirebound Voice Message Log Book
Other,Konica Minolta magicolor 1690MF Multifunction Printer
Linden,"Linden 12"" Wall Clock With Oak Frame"
Tensor,Tensor Brushed Steel Torchiere Floor Lamp
Other,Ricoh - Ink Collector Unit for GX3000 Series Printers
Wirebound,"Wirebound Message Forms, Four 2 3/4 x 5 Forms per Page, Pink Paper"
Avery,Avery 479
Okidata,Okidata C610n Printer
Xerox,Xerox 229
Acme,Acme Galleria Hot Forged Steel Scissors with Colored Handles
Nu-Dell,Nu-Dell EZ-Mount Plastic Wall Frames
Tensor,Tensor Track Tree Floor Lamp
Hon,Hon Olson Stacker Chairs
Belkin,Belkin 7-Outlet SurgeMaster Home Series
Griffin,Griffin GC36547 PowerJolt SE Lightning Charger
Deflect-o,Deflect-o DuraMat Antistatic Studded Beveled Mat for Medium Pile Carpeting
Other,Cherry 142-key Programmable Keyboard
Motorola,Motorola L703CM
Other,NeatDesk Desktop Scanner & Digital Filing System
Hoover,Hoover Commercial Lightweight Upright Vacuum
Xerox,Xerox 1976
Other,"Stride Job 150 Highlighters, Chisel Tip, Assorted Colors"
Avery,"Black Avery Memo-Size 3-Ring Binder, 5 1/2"" x 8 1/2"""
Xerox,Xerox 1983
Tenex,"Tenex Chairmat w/ Average Lip, 45"" x 53"""
Brother,"Brother MFC-9340CDW LED All-In-One Printer, Copier Scanner"
Avery,Avery 484
Electrix,Electrix Fluorescent Magnifier Lamps & Weighted Base
Space Solutions,Space Solutions Industrial Galvanized Steel Shelving.
Plantronics,Plantronics Single Ear Headset
Zebra,Zebra GK420t Direct Thermal/Thermal Transfer Printer
Tensor,"Tensor ""Hersey Kiss"" Styled Floor Lamp"
Memorex,Memorex Mini Travel Drive 32 GB USB 2.0 Flash Drive
Hoover,Hoover Commercial SteamVac
Xerox,Xerox 1938
NETGEAR,NETGEAR RangeMax WNR1000 Wireless Router
Xerox,Xerox 1899
Hewlett-Packard,Hewlett-Packard Desktjet 6988DT Refurbished Printer
Other,"Bush Westfield Collection Bookcases, Dark Cherry Finish, Fully Assembled"
Executive Impressions,"Executive Impressions 16-1/2"" Circular Wall Clock"
Okidata,Okidata MB760 Printer
Dixon,"Dixon Ticonderoga Core-Lock Colored Pencils, 48-Color Set"
Executive Impressions,"Executive Impressions 14"" Contract Wall Clock with Quartz Movement"
Alliance,Sterling Rubber Bands by Alliance
Kensington,Kensington 6 Outlet SmartSocket Surge Protector
Maxell,Maxell CD-R Discs
Avery,Avery Hi-Liter Pen Style Six-Color Fluorescent Set
Acme,"Acme Design Line 8"" Stainless Steel Bent Scissors w/Champagne Handles, 3-1/8"" Cut"
Other,Star Micronics TSP100 TSP143LAN Receipt Printer
Xerox,Xerox 1955
Other,"Snap-A-Way Black Print Carbonless Speed Message, No Reply Area, Duplicate"
Other,"1/4 Fold Party Design Invitations & White Envelopes, 24 8-1/2"" X 11"" Cards, 25 Env./Pack"
Hewlett-Packard,Hewlett-Packard Deskjet F4180 All-in-One Color Ink-jet - Printer / copier / scanner
Lexmark,Lexmark 20R1285 X6650 Wireless All-in-One Printer
Nokia,Nokia Lumia 1020
Acme,Acme Serrated Blade Letter Opener
Okidata,Okidata B401 Printer
Xerox,Xerox Blank Computer Paper
Other,4009 Highlighters
Global,Global Enterprise Series Seating Low-Back Swivel/Tilt Chairs
Other,Self-Adhesive Address Labels for Typewriters with Dispenser Box
Office Star,Office Star - Task Chair with Contemporary Loop Arms
Other,Grip Seal Envelopes
Other,Penpower WorldCard Pro Card Scanner
Sony,Sony 8GB Class 10 Micro SDHC R40 Memory Card
RCA,RCA ViSYS 25425RE1 Corded phone
Cisco,Cisco 8961 IP Phone Charcoal
Eureka,"Eureka Hand Vacuum, Bagless"
LG,LG G2
Eldon,Eldon Jumbo ProFile Portable File Boxes Graphite/Black
